User,Time,Comment
九尾黑猫,2008-12-05 20:26:21,['怎么说呢，其实就是普通中学生浪漫爱情的那些事儿，没觉得怎么打动人，男主角一副欠扁的样子']
小岩菽,2007-08-21 16:41:39,['总是看着身后比你更远的地方。不知不觉那就成了我们的距离。可即使我只看着你，你也变成那些距离我越来越远的事。']
littletwo,2008-05-22 21:23:31,['听到一个13岁小男人温情脉脉又脆弱又煎熬的内心读白还真把我恶心到了……']
结崎枣,2007-08-13 03:39:49,['每一帧都细到能截下做桌面TAT']
WiTS,2010-02-16 04:14:40,['适合以五倍速观看；一星给画作']
Minjie,2010-04-13 22:30:01,['这么多年过去了，总有些事情你不愿再提。']
桃桃淘电影,2011-03-28 21:38:42,['额，这个确实可以帧帧截图当桌面。又是无法当面说爱你，新海诚童年一定在此类事件上受过打击。以至于反复重复这一话题。']
克哈克奴斯,2013-01-27 18:02:58,['闷骚得要死，活该你们见不着。。 换成是银桑的话，这故事五秒就演完了，还他妈的等13年。']
眼角的花朵,2008-05-27 11:16:11,['这就是新海诚带来的心灵之旅，带来的我们灵魂身处的某种感动。这个故事描述的是这样一种青涩而又真挚的感情，它甚至远远的比缠绵悱恻的爱情珍贵，那是人间最为纯真的爱，不需要任何基础和依靠的爱，不需要停泊和追逐永恒的爱，因为它本身就是永远。']
小米=qdmimi,2009-07-06 19:24:34,['好多壁纸……']
庚桑野,2010-04-14 20:50:56,['人老了，纯爱看不下去了。']
文泽尔,2008-02-09 23:55:18,['青春就是放弃和怀念']
陈二菜,2011-12-16 23:03:44,['我被这骨子里无病呻吟的小清新故事雷了个外焦里嫩，不过回首当年，我也无病呻吟过，青春不就那么回事儿么']
张小强,2011-02-19 18:47:56,['这片是不是就一男两女？已经无聊到不想看懂的地步了 &amp; 又看到很多用片名做标签的怪人']
大头绿豆,2011-11-06 13:02:47,['（樱花树下接吻的）「那一瞬间，我仿佛知道了永远、心灵以及灵魂的所在，仿佛将十三年间的一切都分享给了对方。这之后的下一瞬，是无比的悲伤。因为明里的温暖，她的灵魂，我不知该如何珍藏，带向何方。」第一话无比喜爱，那一夜刻骨铭心的等待，现在不会有了。二三话减分。']
小波福娃,2009-06-15 11:55:03,['好废柴好废油好废神']
阿猴HOSEA,2008-02-28 10:48:58,['日本人名就是难记。。我第一遍看还以为讲了三个故事。。。后来干脆从头又看一遍，，，']
User,Time,Comment
嘉沐y再m.K,2009-03-02 11:00:28,['我不是很喜欢。']
同志亦凡人中文站,2013-02-05 06:43:35,['有过那样单纯的初恋，往后的人生就是一个不断失去的过程啊... 中学谈过恋爱的不要看，杀很大。']
艾小柯,2011-04-17 18:29:47,['人生中那些无可救药的美丽哀愁与残酷现实']
王老虎,2008-06-19 20:05:36,['在4秒零9。。我接住你~']
妙可中国,2017-03-24 01:56:23,['每次看过这种空洞乏味、不知所以又节奏慢的作品后总会感叹时间又被残忍剥夺了，所幸这片仅仅一个小时，可怜这么棒的主题曲插在这坨屎上。']
深海的心,2008-10-20 21:41:02,['画面这个美啊']
亵渎电影,2011-03-08 03:34:31,['画面太美了，算是日本纯爱片的典范了，可以我对于这类初恋的朦胧情感向来没感觉。★★★']
海,2007-02-22 11:02:55,['他还是适合短片。这画面已经好到及至了吧……']
沉歌,2009-03-28 03:05:42,['又见樱花坠地的一秒，往事再次漫溢――时间的距离、空间的阻隔、年少的记忆，唏嘘了多少那些青郁时光中的无奈与感伤']
UrthónaD&#39;Mors,2011-06-04 22:55:28,['一个城市又怎样，遇到了又如何，各有各的生活，各有各的哀乐，何不如相濡以沫，不如相忘于江湖']
九只苍蝇撞墙,2017-04-09 11:49:59,['真的那么好么？我怎么觉得是一男一女在背景里一直看着明信片画面呻吟']
顾俏乜,2017-04-20 21:26:16,['让我最触动的是第二话的那位女生，至始至终都未说出自己的心迹，可以在冲浪上不断突破自己，在感情上却无能为力，小心翼翼地，徒增悲伤。']
猫君,2011-03-14 00:34:13,['究竟要用怎样的速度生活，才能再与你相逢。']
赫恩曼尼,2016-12-29 23:56:46,['多年以后，回想起那一幕，你穿过铁道线，火车车厢一节节闪过。我知道你回了头，我也是。可时过境迁，一切都变了，一次回眸又怎样？我们的时代终究还是过去了。']
cattylee33,2017-10-29 17:16:37,['以秒速五厘米的速度离开13年，再重逢，只有回不了的过去。阵阵悲凉。']
默默的蘑菇,2016-11-04 12:48:00,['很漂亮，然而也只是漂亮而已。被吹过了。']
ZWW,2017-02-12 12:48:58,['往后所遇之人即使胜于你，但所爱之深却不及你，哎，生活啊，爱情啊，世间万物啊，往往令人不能得之而记之，归根结底，还是心结没打开 o(ini)o ']
木鱼水心,2007-03-05 21:15:26,['好吧新海诚你到底矫情到什么程度才算是个完。星星之声看来是难以再超越了。']
方洛洛,2012-05-20 13:39:40,['为什么豆瓣打分这么高？对这种“明明可以在一起，但自己却不争取”的感情，我实在是喜欢不起来。爱，就该勇敢一点嘛。否则，那种错过就真的不是遗憾，是自作自受了。']
待城,2016-12-05 18:48:39,[]
User,Time,Comment
寂多蔓生,2012-10-05 16:57:21,['这几年只是想着“总之先往前走”，想得到遥不可及的东西，但却无法清楚东西具体是什么，也不清楚那可以说是胁迫的心情是从何而生，我只是持续地工作着，回过神来，日渐筋疲力竭的心除了痛苦什么也不剩。']
似水年华,2018-06-13 06:31:18,['约好一起看樱花，却在时光里渐渐行远。']
Mademoiselle B,2011-11-25 10:46:35,['新海诚是四娘她家铁杆粉吧！！！槽点如此之多谁再借我张嘴吐吐！！']
今夕何夕,2018-06-13 08:45:33,['画风细腻，太美了，随便一帧都是壁纸啊。青春就是要有遗憾吧。']
昏金暗玉,2010-11-10 19:08:56,['在时间的长河里，我们敬畏的、也小心翼翼去守护的、足以让生命变得更丰盛、可以在低落沮丧的时候拿出来给自己安慰和勇气的，正是那些既删不掉、但又与自己人生再无瓜葛的少年片段。 足够了啊。']
PomBom,2016-09-11 10:11:53,['看《你的名字》之前的预热。对少男少女的心绪还原程度之高令人讶异，甚至有人猜测新海诚是不是小时候多次遭遇过类似创伤。也有不少人打两星一星，嫌弃本作做作矫情。这倒也正常，很多人成年之后，少年时期的哀乐好恶就被抛在脑后，似乎从来未曾发生过。']
世界尽头,2018-06-15 06:33:30,['青梅竹马，甜中带涩的爱情，这就是我心中初恋的味道吧。“我到底要用怎么样的速度生活才能与你再次相遇。谁都不可能和谁在一起一辈子，人就是这样，必须去习惯失去。”']
面朝大海,2018-06-13 06:34:03,['那段没有对白的MV非常打动人，透露出的情感瞬间将整部电影升华。']
白玉堂,2016-12-31 20:05:55,['剧情还可以，观感也不错，就是音乐一般']
冰红深蓝,2015-10-16 22:43:28,['无奈擦肩而过的爱情和无疾而终的暗恋，称得上是忧伤清丽的日系纯爱片代表了吧。画面和音乐都很美，只是剧情还是过于理想化和矫情，第三话基本就是快速剪辑的MV，给人走马观花敷衍了事的感觉。比较有感觉的场景是餐馆里谈论最喜欢的寒武纪生物、冬夜车站内围着火炉吃便当以及枯树下接吻。（7.5/10）']
幕天席地,2017-03-11 08:25:54,['日本动画延续一贯的清新画风，两个稚嫩的心灵渴望不可及，能触动你心底最柔软的地方']
喜欢吗~,2017-02-16 12:59:37,['新海诚的作品套路大差不离。。']
不良生,2015-09-03 11:51:23,['每个少年都会死去。']
凌睿,2012-09-29 21:30:15,['不明白新海诚的作品比那些华而不实的国漫高在哪儿。']
小岩井,2011-06-02 22:55:04,['青春老去，悲伤无处不在。只是简单的生活，只是简单的活着']
呆萌兔,2018-06-13 06:36:42,['重逢的一刻，无声胜有声。']
布宜Z斯,2008-01-28 20:51:47,['很多很美的细节，关于生活和情感的，回首已是百年身的时候是最寂寞和悲凉的']
徐若风,2013-07-18 12:20:21,['确实可以帧帧截图当桌面。但整个片子还是很薄弱。勉强3星。']
杨大志°,2016-12-30 08:45:43,['看第一遍的时候居然好像有点看不懂。。画面很美，截图当壁纸']
晗晗晗颖耶,2018-06-14 13:09:22,['人一生会遇到约2920万人，两个人相爱的概率是0.000049。所以你不爱我，我不怪你。――《秒速五厘米》  据说每片樱花飘落的速度是每秒五厘米  超喜欢的《秒速五厘米》。虽然结局是没能在一起。  ']
User,Time,Comment
苏幼,2017-04-06 16:14:58,['画面好美，剧情也好看']
做一件事很难吗,2018-06-13 09:23:22,['日本的动漫电影画面真的太美了 每一帧都可以当壁纸 情节不狗血的基本不错']
爱情海,2017-03-11 00:53:33,['同样的经历，早恋注定是没有好结果吗？']
元气小姐。,2013-02-02 17:36:13,['画面极好 剧情不足']
何倩彤,2017-01-24 03:24:35,['「邸购汀肝美」都是人x瘛＃ㄊ欠裾娴募和美有待商榷。）不好此道的^（如我）偏向虎山行是完全自取缤觥ｓ@@的是，他的人，好h。故事格局在他一作品中最小，你完全o法自那些h角和他的呢喃中逃。加上o止境的琴配... 他u造高潮的板斧就是L景slideshow的速度{快而已。']
夜寻,2012-09-13 19:01:49,['色彩真赞啊景色真漂亮啊五星全给景色！&gt;&lt;以至于人反而影响了画面→_→。。。我是不理解这种不管什么时候都苦大仇深的感觉= =不过还真似曾相识。。以及我完全想不明白他俩为毛不能在一起，又没人阻止他俩一起，说距离远吧他不还去了东京。他喜欢又不去追，然后跟别人交往你又忘不了初恋，这不废柴么。']
猛汉世雄,2008-02-07 12:21:38,['还不如买本画集看看']
biang,2018-06-14 13:08:07,['樱花掉落的速度是每秒5厘米，那么两颗心需要多久才能靠近[心]人一生会遇到约2920万人，两个人相爱的概率是0.000049，你不爱我，我不怪你，好的是《你的名字》弥补了《秒速五厘米》的遗憾不管我们之间有多远，我都会走到你身边']
寂静时候不欢喜,2016-12-31 15:14:49,['听说这个要拍了？赶快过来给动漫版评个分，觉得我国翻拍动漫拍不好，会毁……']
安德烈大叔,2016-09-17 13:12:18,['这是典型的大家都爱，但我却无动于衷的电影，难道我成长过程中不可挽回的丢掉了一颗珍珠？']
王大根,2011-08-23 13:17:42,['太淡如水。']
甜瓜甜瓜,2017-04-06 21:59:40,['相遇时需要珍惜 错过后不要后悔 向前走的时候不忘回头看看 是不是有人如同你注视着前面的人一样注视着你']
大耳朵_,2017-03-19 22:24:22,['画面太美了，以至于我可以忽略部分不能忍的剧情→_→听说这个要拍真人? 吓人，这么美的电影可如何还原']
路西法尔,2014-10-02 20:07:29,['男女主角初吻时才十三岁，所以剧情有点小四的感觉也可以理解吧……等等，十三岁？！十三时我在梦想征服世界啊……==过半的时候叙事就开始慢慢崩坏，比之简陋的人物，过于频繁的视角变换和插叙害得我以为在讲三个无关的故事。']
Spoiler,2017-06-22 22:20:33,['画面没的说，分数虚高了，剧情根本没什么，感动一瞬间而已，仅此而已。']
掉线,2013-08-02 08:43:44,['【C+】画面唯美，配乐清新，可惜内容空洞，绣花枕头']
heart,2018-06-12 01:12:02,['好好看好好看  随便截一张都可以做壁纸啊啊啊！！']
时光轻浅,2018-06-12 14:40:32,['以前看是伤感，现在看是释然。']
不爱吃青椒,2017-03-19 23:02:04,['虽然画面美 但我get不到…… 或许太文艺的不适合我吧 看着想睡觉……']
花落  思量错,2017-05-04 08:27:21,['新海诚的作品画面都很唯美，故事都很浪漫曲折，很美好。']
User,Time,Comment
天才+英雄,2012-04-27 21:50:12,[]
栖鹘,2017-02-04 21:50:52,['每一帧都是壁纸 初初看完还觉得平淡 但是看完评论 很多我无法理解的感受忽然理解了 带着淡淡的无奈和感伤']
★☆☆☆☆,2009-09-18 23:53:32,[]
方枪枪,2014-02-09 18:12:01,['如果，樱花掉落的速度是每秒5厘米，那么两颗心需要多久才能靠近？']
愿赌服输,2018-06-13 10:42:49,['错过大概是最好的结局']
盒盒菜盒盒,2017-10-31 12:03:05,['人老了，看不懂这样的纯爱了，男主角那种青春期死去活来的小破情绪，懂，却不怎么打动我了。因为对于人和人心的距离在时间和实际距离的作用下越来越远这件事，已经看得很开了。我们可能互相还在思念着一些人，却不约而同的不再彼此联系，他们说这是命运使然，什么物衰，不过重新拾起来也没那么难吧摊手']
nikki,2011-09-12 16:00:15,['忘记自己以前看过了又去拖了。总体评分就两个字“矫情”。每一幕的画面都很漂亮，音乐跟片尾都很好。但做为一部电影主题的故事实在是太弱，我不认同那些说打分低都是没有经历过类似的事所以不被感动的说法，不被感动是因为说故事的人水准太差了吧。或者说我真是老了应该十代的时候来打分的。']
高X远Yz,2018-06-14 10:17:26,['不管你怎么努力，人生总会有遗憾和不完美，我相信命运和缘份，遗憾永远是遗憾，贵树心中的明里也只能永远活在他的回忆里。']
脱氧核糖十三,2011-10-07 01:00:59,[]
蓝下老婆,2017-05-03 14:17:15,['普通得不能再普通的故事，但表现方式却很唯美']
有心打扰,2011-02-15 00:01:16,['13岁的时候，你心里面的那份思念属于谁？如今，这份思念还在吗？当时的情感还在吗？']
Auror,2012-08-12 08:15:11,['断断续续看了四五次，终于看完了。前面感觉有些无聊，但最后音乐响起还是流眼泪了。不过第二段的小姑娘怎么不表白呢，自己想的不一定是对的啊，问过才知道']
小耳朵图吗,2008-08-08 00:06:53,[]
科林,2018-07-29 22:27:25,['雪一片一片一片一片，拼出你我的缘份，我的爱因你而生，你的手摸出我的心疼。雪一片一片一片一片，在天空静静缤纷。']
Frank,2011-09-04 14:34:18,['原来三个故事是一个人串起来的  音乐和摄影不错 新海诚的风格 肯定有好看的构图音乐还有天空和宇宙  这样就能让小故事大气起来  不过小清新不能多看 恩恩']
太子猪AO,2011-09-03 10:55:07,['明明知道看完心情肯定不好。不明白的是，为什么男生一直不去联系她呢？最有感触的是他们在樱花树下接吻时，男主内心的一段话，“共同分担的这13年的人生，下一瞬间，情不自禁地感到悲伤。我们也清楚今后不可能一直在一起，在我们面前是前所未有的巨大的人生，茫茫的时间无情地横在我们面前。。。”']
Vinny_yI,2017-03-11 10:51:33,['还是喜欢新海诚的画风，但是剧情真的是他此类电影的硬伤啊']
Reynard,2011-05-14 00:04:25,['看了豆瓣排名第一的影评，理解了这是一部了不起的动画片，可惜还是觉得自己老了，病入膏肓，救不得了。纵使一千封邮件也无法让两个人的心更接近一点，却是童年时心灵的碰撞，留下纯净透明的情感。越是找寻这无法追忆的心动，反而越是只能寂寞在梦幻的泡影里。为什么我的文笔这么差！']
一蓑烟雨任平生,2018-03-26 00:40:36,['很好看的一部电影，有一种青春的味道，年轻男女之间的爱恋，还有对远方喜欢的人的思念，都挺让人有所感触的，还有一些是阴差阳错，因为火车的晚点，并没有错过对方，但是那封告白信却掉落北风吹走，也不知道她们后来有没有在一起，给观影着留下想象的空间。新海诚的很多动漫都挺好的。']
Yancey,2011-01-31 18:02:36,['这次我跟大众口味不合了。。。。不过画面很美啊。厄。。就是很治愈，很催眠啊，关键是后者，几度让我困到睡着啊~~是因为半夜看的关系吗？~rz...2011年1月31日0:19:06']
User,Time,Comment
诸葛若见,2016-11-22 22:05:29,['熟悉街头的转角，藏着回忆。樱花坠落的片刻，有你身影。遗憾错过的瞬间，可惜是你。唯美的画面，动人的初恋。不言不语总是情，哪怕只是擦肩而过。为那些逝去的青春，唏嘘不已。新海诚作品最喜欢之一，太多让人感同身受的细节。']
易,2012-09-10 12:46:20,['很没有情节，但是导演很善于说故事，就和皮埃尔热内或者岩井俊二的作品一样，我突然想，村上那本似乎永远也没法排成好电影的《挪威的森林》是否该交给新海诚做成动画片呢？也许干净的动画能保留住村上和我们心中的那份东西和等待？']
历史理性,2016-11-28 04:06:08,['期待するほど感婴できなかったが、星5つをつける。というのはやはりある意味で私もそのような、初恋を~するバカバカしい恋塾Qの信者かもしれない。それは要するに初恋は成就できなかっただろう。成就すればまた幻绀工搿￥饯我馕钉浅趿丹悉蓼恳护膜巍腹伯b主x」といえるではなかろうか']
OCT IO≯,2012-04-23 11:44:04,['爱过的人可能永远无法忘记，错过的人可能一辈子都会错过，不爱的人可能永远不会爱上…异地恋风险高，有时就像买股票，管你爱的有多深，一旦长时间分隔八成会玩完…最后由衷的说一句，诚哥！拜托你把人设的工作交给别人吧…']
风吟喵,2012-06-19 11:46:38,[]
柠檬海盐,2017-05-01 21:06:57,['居然没有标记，很喜欢，可以截很多壁纸。']
.,2011-01-23 17:29:14,[]
幸子のいぬ,2012-05-22 20:09:30,['叙事调调相当沉闷，倒和反映的主题相当的契合，静下心才会觉得是部好电影，是一部我不想看第二遍的好电影']
魔怪脑残粉四狗,2013-05-12 15:32:15,['“换车的终点站里准备回家的人们摩肩接踵，每个人的鞋子上都浸透着融化的雪水。空气很冷，透着下雪天里都市独有的味道。”“如果我和狗一样长着尾巴，肯定掩饰不住满心欢喜，乱摇个不停了。一边为自己不是狗而感到庆幸，一边又忍不住责怪自己的愚蠢。即使如此，和远野一起回家的时光却是那样的幸福。”']
Doublebitch,2008-11-24 16:14:03,['还是看不惯这种“纯爱”片']
草威,2011-03-05 23:46:49,['我上初中那阵儿，怎么啥都不懂']
摇尾巴,2016-11-20 09:24:09,['被吹过了']
Sylvieee,2016-12-13 21:13:12,['十三岁？？？纯爱世界一向不太懂']
fan,2009-07-29 22:05:00,['虽然是动画 但用光十分之考究，北影教授都拿来当案例了，无论如何这片是给有故事的人看的，没故事的定然会觉得时间带着明显的恶意在身体缓缓流过，并且被小正太温柔缱绻的内心独白给酸到。诶・・・我说你们才13岁，谈个恋爱要不要那么有意境啊```']
T罗,2011-11-27 16:43:58,['曾经纯真的感情并不会随着时间的流失而消逝，即便这种感情因为种种原因没有得到完成，但它必定会是心里美丽的一段回忆。而龟缩于以往的美好希冀中，不敢接受新的幸福，只会使心越来越苍老，最后慢慢死去。回忆像酒，少许你便可觉得那其中的甘美，如果滥喝沉迷其中，只是一个神智不清的酒徒。']
弓长大火乍,2013-09-04 23:17:19,['最喜欢第二个故事。人人都天生注定找到自己的另一半，带给你永远的安宁和能量，有的人错过了，有的人抓住了，有的人遇到的太早，有的人遇到的太迟。没有手机通讯只有写书信的日子，大家还记得吗？还记得自己写过的信吗？小心翼翼的措辞，精心挑选的信纸，在午后在深夜认真的写信的岁月一去不复还了']
我是大皮哥,2012-11-16 05:25:35,[]
Skybow,2010-04-13 13:29:03,['[10.04.12～13]★★★☆第一次看新海诚的动画。剧情很跳跃，甚至都不能说是一个完整的故事，只是简单地把主角人生中三个跟初恋有关的片段串联在一起，很多细节都没有交代，任由观众自由想象。对剧情不是很感冒，为赋新词强说愁，最后的微笑更像是个反讽，但意境和氛围都是我喜欢的调调。']
User,Time,Comment
孤岛,2011-08-10 11:45:08,['老早之前看的......完全都忘了故事在讲什么的......不过新海诚东西就是这样，根本就不用看剧情是什么，看画面不用动脑子就好了.......甜腻哀伤作的一塌糊涂......反正我是相当不喜欢，不过比起后来看的他那个大高塔，这部已经算是有剧情的了........']
八月,2011-10-13 22:34:51,['渐入佳境的片子，画风很美，配乐很赞，樱花能以5厘米的速度掉下，两颗心又需要多长的时间才能靠近呢？既然不能在一起，不如相忘于江湖吧！']
绿蚁酿新酒,2013-10-04 10:38:47,['走在路上，下意识地会去寻找某个人，或者总是觉得有路人和那人相似，虽然明知道他不会在这里出现，却仍然会望过去，发下呆。然后会笑自己。']
sirius_flower,2013-04-12 23:08:11,[]
玎洁,2010-04-10 10:06:33,['张歌再次进入我的生活。写下推荐你看秒速五厘米。我彷徨而不知所措的笑了。不知道怎么回答。却还是写下呵呵。知道了。天天说的对他是怎么对我的。为什么我还是选择了原谅。我是sb。关于这部影片说实话他并不能感动我什么。因为在我眼里这些很俗气。只是最后的镜头。转过身去。注定的还是错过。']
il,2011-05-16 18:41:59,['所有的爱，爱，如果是真正的赤诚的无垢的爱，最美好的东西，那样的爱存在于捆绑一起的信徒间，然后他们一定能在某个空间在一起。可惜片中的空间里二人顺从本能趋于命的帆船摇摆，不付出迎接收获的应尽力气，把精力浸在停止成长的鸽灰色罗曼蒂克自我毁灭式忧愁里。少年少女啊要更重视你们小拇指间的红线']
百斩少女刘兔兔,2011-12-27 23:09:25,['2011.12.27 一直不敢去把它看完，是怕知道结局与以往一样的不完美，但是也无所谓了。既然不能永远在一起，起码有那么一段回忆：我们不顾一切只为了见到彼此，拥抱在一起。 我到底要用怎么样的速度生活才能与你再次相遇？？']
小学班草,2012-05-25 23:36:27,['矫情到每一帧画面都可以截下来做壁纸。一句台词拿来分享：明明只是平淡无奇的生活而已，悲伤却四处堆积。']
User,Time,Comment
小川   o,2017-05-04 14:01:36,"['只是平凡地^著日子,悲就聚集在四周.即使l了上千封短信,我的距x也只拉近一厘米.鸦花瓣h落的速度,是秒速5厘米.在某一段rge,我也一直在ふ抑l,就算明知她不在那Y,s不意地ふ抑.新海\能把寂寞的的很美,淡淡的n.你得你小r候的初倩虬俚哪人??']"
左在右边,2012-07-16 23:15:21,['rg是那段距x，生活是那道。初佟佟念，六十分三故事。有人可能很受感樱也有人可能完全o感…其在於^者r心境。不得不h面、剪非常美完全不像赢片的赢片！得@半句台~“我只是平凡的生活着，悲en…”']
夏天De西瓜,2010-03-06 21:56:07,['完美。第二个故事的表白那一段 印象极为深刻 不管怎样这3个故事都是那么纯洁的喜欢。 总之是我看到现在最为欣赏的一部动画电影。']
老狗,2011-11-24 20:19:44,['节奏拖拉，独白撑场；画风唯美，蓦然回忆的青涩情怀，腐女与正太的情愫花开。基本上靠完全唯美的壁纸连串起来。7.7分']
暂不留名,2012-09-14 23:32:22,['电影没有讲述一个完整的故事，尤其是角色的感情故事中最复杂、最现实的部分。只是在不断地制造想象和意象并且强化它们，意在挑拨观众内心的某根弦。观众的触动若不是来自自己的亲身经历，就只能是早已“消化吸收”了影片中符号化的人物和意象。']
Anderson,2012-04-30 00:58:30,['看@部的前一秒，我都完全]有想^他能感游摇Ｉ踔磷我想到一部_往春天的地F。初中的r候，]有即rM的工具，偃吮舜说南嘈沤^κ亲钪匾的存在。我想起前滋炜催^的一句“资年前，人一子只够垡人。”我一直以檫@是一部聊聊粝胫不痛不W的美作，但]想到s我|景生情眼I打D']
梦里诗书,2015-06-23 16:28:24,['宛若画卷般至美的动画渲染营造了《秒速5厘米》那动人心魄的动容，电影借以一场纯爱之恋的浪漫呈现着青葱年华时对爱的无奈与感伤，动画与情感两相契合的惊艳，放才能让得见于“如果，樱花掉落的速度是每秒5厘米，那么两颗心需要多久才能靠近？”这落樱之美。']
白云飘飘,2018-06-11 22:24:01,['错过的总是觉得是最好的。青春的懵懂情感是最纯粹的。']
伞保护协会,2007-03-15 22:41:32,['开心~剧本再如何向现实低头，对剧中人也并不残酷。爱就是很盲目的，不遂人所愿但也不那么残酷。而动画甚至给擦肩而过的“命运”（其实并不存在）投下了浪漫明亮的光。然而你不知道观众中有多少富有投射性的幼小心灵（比如窝）。所以十年前最后一幕电车呼啸而过的仇，终归是想要报的。']
corrinne,2008-07-22 12:25:32,"['虽然是动画,情感的渲染却可以那么强悍.若生活在对过去的落寞感伤中,现实会把我们抛弃吧~而过去也乘着风的速度在某一个天明淡去了踪影~']"
麦克阿瑟,2011-08-09 22:25:08,['传说中樱花飘落的速度是每秒5厘米。每秒5厘米，很慢，却已无法阻止《樱花抄》，《Cosmonaut》，《秒速5cm》在一起，就是完整的《秒速5cm》。名字就很美']
超cute侠,2013-01-03 16:51:44,['画风美轮美奂，尤其是不少背景的还原度都趋于真实，相比之下故事就显得过于小清新了。']
ztlpoppy,2011-02-27 01:00:52,['一直不敢看的青春纯爱，怕是以一种嫉妒的心情的看，太美好了太唯美了。那个敢火车的冬天，初吻后 世界都变化的感觉，有点遥远 却也很接近。']
lily,2009-07-29 12:46:43,['2011.5.23  应该是第二次看，第一次看的时候还是在大学里，记不清是大几了，也不记得这动画到底是讲什么的。今天又看一遍，应该比当初感触的要深一些吧，有些人，再怎么努力，都找不到了。如果能发生奇迹的话，我想马上就见到你。']
斑马的故事,2017-03-28 08:54:42,[' 还记得樱花正开，还没懂跟你示爱']
支离破碎,2012-02-12 22:28:26,['完美画面，但也许先看了漫画的关系，感动和冲击反而少了，最动人的第一部分，动画采取了倒叙，而漫画则是一路顺序。漫画对第三部分有了见仁见智的补完，横竖是个遗憾却未必不好的结局。他们在樱花树下的初吻曾经把我煽出眼泪，看动画倒是没那么大感触。']
元帅,2010-11-16 01:17:36,['我们之间即使有一千次的邮件交流 大概心和心连一厘米都没有接近过。画面该是我看过的最漂亮的了吧']
Esther ☆o☆,2011-02-13 21:52:10,['因为明确彼此的心，所以那句喜欢你不必说出口。因为明确他的心，所以那句喜欢你没有说出口。那段不知能否称为爱情的记忆，那段无疾而终的暗恋，永远不会再说出口。秒速五厘米，何时能找到另外一颗心？']
麦,2010-08-17 21:57:24,['啧啧。看看人家，13岁就知道私定终身了，可惜了，早恋都是没有好结果的。']
蓝橄榄,2010-11-28 11:40:21,['四年后再看。情绪多过情节。一星给场景，有些场景精粗并在不太喜欢，人物画得不够精致。一星给部分镜头运动和视角度，个人认为动画应该是去实现实拍难以实现的镜头角度和运动才算是发挥所长了。内容上同理。最后一个镜头喜欢。']
User,Time,Comment
占朵,2009-06-26 21:02:50,['绚丽的画面 单纯的爱情 是让我触动的地方 那内心里小小的萌动 却带来了巨大的echo']
黄海,2013-04-06 18:54:06,['好久没有一部电影，因为爱情流泪了。它做到了！细节太有表现力了！构图，色彩超神！很有自信的一部作品！表现得非常明确，非常深入。这部作品尤其适合18岁以下看。要不然现在看会感觉独白有些矫情。']
悯笈,2012-11-03 14:24:24,['记得之前听过一支jazz-hiphop歌曲开头就是一顿纯咩咩的对白，原来是出自这部动画的开头啊！！']
Max,2008-01-03 19:53:38,[]
蓝雨笛,2012-01-04 19:56:47,['走在路上，下意识地会去寻找某个人，或者总是觉得有路人和那人相似，虽然，明知道Ta不会在这里出现，却仍然会望过去，发下呆。然后会笑自己。']
EL,2010-06-21 22:16:44,['@也太唯美了吧。原硭早已move on了，剩下的便只有你呆站在原地，淡淡的z憾感其更m合用在二人的PS之上']
基因冗长,2012-05-23 12:48:17,['有伤感有温暖，有痴缠也有荒诞，不去深究许多遗憾指能温暖还有留恋']
思lのL,2010-01-01 04:00:11,[]
UglY_MoNey,2012-08-16 13:54:38,['新海诚作品的背景碉堡了，新海诚作品的音乐都配的碉堡了～但是我实在不是他的故事情节的拥护，过于飘渺的爱情我承受不来啊。。。还有最后的片尾曲出现的也太突然了点吧，哈哈哈']
鬼_七,2010-11-30 21:22:44,['有些事情，过去了就过去了，千万不要细想，一细想起来就是无休无止的不甘和怅然，就会在整个人生中变成触碰不得的东西']
夏小昭,2010-04-16 23:54:14,['唯美精致的画风。「命がRり返すならば、何度も君のもとへ…欲しいものなど、もう何もない、君のほかに大切なものなど」…… まぁ、いいじゃない、I prefer not remember to forget']
ivauke,2012-05-25 19:42:15,['已经没有那样的心情说我爱你，真的，我曾经想像我们会怎样的分手，何时何地，我说什么你说什么，但是最后我们什么都没有说，一切不言――即使我再找到了你，也再也抓不住你']
0821,2011-02-27 06:17:15,"['画面很美.新海诚制作必属佳品.关于故事的内容,似乎是每个人必经的心路历程,深有感触.']"
憨大仁,2011-05-15 23:24:02,['对于初恋的片子我实在是没有太大共鸣～话说刚看到这片名的时候我还以为是科幻片～']
熊扑奶团、,2018-06-12 22:42:06,['真实的情况并非是这样，只是新海诚善于用细腻的情节，表现出人的内心最真实的一种成长感觉，我觉得这样的感觉也是非常不错的，只要善于把控，看到的将是最美好的。']
hey猪,2011-04-26 00:05:34,['所看的第一部新海诚的作品。如果，樱花掉落的速度是每秒五厘米，那么两颗心需要多久才能靠近？泛着淡淡的伤感。贵树的思念从没真正传达到。因为无法珍藏，所以无法相守。这份情感没有因距离却随时间而消逝，终将化为心中最美的回忆。其实是整个画面跟音乐最打动我。细节做得太完美了&gt;&lt;']
桐羽,2012-08-26 15:32:04,['因为不再拥有，所以格外珍贵。画风瑰丽，越发显得失去太痛苦。曾经以为永远太简单，后来才知永恒的只有瞬间。']
.,2010-10-10 18:08:34,[]
风间隼,2013-10-26 18:18:18,['各种恋物小清新，如果换成真人电影一定能把人闷死。幸好天门的主题曲在第三回及时赶到。']
[已注销],2012-06-26 23:15:23,['这种看上去淡淡的实际上浓浓的氛围，让我想起了我自己的初中时代。暗恋、表白等等。好像那个年纪的爱，才是最真实的爱。']
User,Time,Comment
饮歌,2010-08-10 08:46:40,['不只是画面，还有动人的故事，当然画面真实美的没话说']
beige babe,2012-07-14 11:54:47,['风景唯美到极致，人设简单丑陋和环境格格不入。镜头太琐碎，心里独白太多情节失调。好听好看木有内容。如果只是5分钟给one more time one more chance的MV肯定都很感人，关键是新海诚他妈的硬生生扯了1个小时。']
