英雄,关键词,胜率,图片链接,本月使用人数,本月使用人数排名,热门物品,技能,天赋
敌法师,antimage,48.6157,http://cdn.max-c.com/app/dota2/antimage@3x.png,2960247,22,"['狂战斧', '幻影斧', '动力鞋', '深渊之刃', '怨灵系带', '蝴蝶', '圆盾', '碎颅锤', '黑皇杖']","['[法力损毁 ] 每次攻击损毁目标一定量的魔法值，并额外造成相当于损毁魔法值50%的伤害。  tips: 法力损毁对技能免疫单位无效。 受到吸血光环的效果就能根据该技能造成的伤害吸血。 ', '[闪烁 ] 让敌法师自由出入战场的短距离传送。  tips: 闪烁可以躲避多种飞行过程中的攻击和技能弹道。 ', '[法术反制 ] 被动提升魔法抗性。可以主动开启，创造一个围绕自身的反魔法外壳，将所有指向性技能反弹给敌人，自己则不受任何影响。 ', '[法力虚空 ] 根据目标损失的魔法值，对目标和其周围的敌人造成伤害。主要目标受到短暂眩晕。  可用神杖升级。  tips: 眩晕效果无视技能免疫。 伤害的计算根据主目标失去的魔法，但是对作用范围内所有敌人均有效。 ']","['天赋1：', '+20 攻击速度', '+10 力量', '天赋2：', '+15 敏捷', '+400 闪烁施法距离', '天赋3：', '-2.5秒 闪烁冷却', '闪烁产生不可控幻象', '天赋4：', '-50秒 法力虚空冷却', '+25% 法术反制魔法抗性']"
斧王,axe,51.1712,http://cdn.max-c.com/app/dota2/axe@3x.png,3464671,13,"['闪烁匕首', '刃甲', '静谧之鞋', '赤红甲', '先锋盾', '恐鳌之心', '相位鞋', '黑皇杖', '魔杖']","['[狂战士之吼 ] 斧王嘲讽附近的敌方单位，强迫他们攻击自己，同时获得额外护甲。  tips: 效果无视技能免疫。 ', '[战斗饥渴 ] 激怒一个敌方单位，使他受到减速和持续伤害，直到他杀死一个单位或者持续时间结束为止。斧王从每个受战斗饥渴影响的敌人身上获得移动速度加成，非英雄单位提供半额效果。  可用神杖升级。  tips: 摧毁建筑也能移除该状态效果。 受到战斗饥渴作用的单位无法被反补。 ', '[反击螺旋 ] 受攻击时，斧王做出螺旋反击，对附近所有敌方单位造成纯粹伤害。  tips: 反击螺旋会在斧王受到攻击时触发。 ', '[淘汰之刃 ] 斧王寻找弱点来出击，直接秒杀低血量的敌方单位，血量如果过高则只造成一定伤害。当秒杀的是敌方英雄时，本技能不会进入冷却时间。同时斧王和附近友军单位获得移动速度加成。 ']","['天赋1：', '+40 攻击速度', '+8 力量', '天赋2：', '+30 移动速度', '+3 魔法恢复', '天赋3：', '攻击触发反击螺旋', '+25 生命恢复', '天赋4：', '+120 战斗饥渴每秒伤害', '+100 狂战士之吼范围']"
祸乱之源,bane,47.7407,http://cdn.max-c.com/app/dota2/bane@3x.png,622892,106,"['以太透镜', '奥术鞋', '魔杖', '微光披风', '速度之靴', '侦查·岗哨守卫', '显影之尘', '静谧之鞋', '原力法杖']","['[虚弱 ] 削弱一个敌方单位，降低它的状态抗性和攻击速度。  tips: 虚弱无法被净化。 ', '[蚀脑 ] 暴食一个敌方单位的生命能量，造成伤害并回复自身生命值。  可用神杖升级。 ', '[噩梦 ] 让目标敌方或友方英雄进入沉睡。睡着的单位受到攻击便会醒来，但噩梦将转移到攻击者身上。祸乱之源可以随意攻击噩梦中的目标。  tips: 在噩梦的第一秒，作用单位是无敌状态。 祸乱之源可以把自己从噩梦中唤醒。 ', '[魔爪 ] 持续施法 - 抓住一个敌方单位，使其失去行动能力并持续受到大量伤害，同时每0.5秒按目标最大魔法值一定比例吸取魔法。  tips: 魔爪的控制和吸魔效果对技能免疫单位有效，但是不造成伤害。 ', '[噩梦终止 ] 将所有人从噩梦中唤醒。 ']","['天赋1：', '+100 施法距离', '+7 护甲', '天赋2：', '+40% 经验获取', '虚弱窃取攻击速度', '天赋3：', '+50 移动速度', '+125 虚弱降低攻击速度', '天赋4：', '+7秒 魔爪持续时间', '+250 蚀脑伤害/治疗']"
嗜血狂魔,bloodseeker,50.7369,http://cdn.max-c.com/app/dota2/bloodseeker@3x.png,1845228,51,"['刃甲', '黑皇杖', '相位鞋', '散夜对剑', '动力鞋', '辉耀', '圆盾', '怨灵系带', '压制之刃']","['[血怒 ] 让一个单位陷入渴望鲜血的狂怒中，使其在持续时间内造成和承受的伤害都会被加深。血怒状态下的单位杀死任一单位后将回复阵亡单位最大生命值的一定百分比；血怒状态下的单位被击杀则击杀者也将回复阵亡单位最大生命值的一定百分比。若未击杀英雄但300范围内有英雄阵亡将回复50%数值。  tips: 血怒可以对敌方单位、友方单位以及血魔自身施放。 伤害的制造者和承受者双方距离若超过2200范围则伤害加深效果减半。 ', '[血祭 ] 血魔用圣血为一片区域洗礼。3.0秒后祭祀完成，区域范围内所有敌人都会受到伤害，并被沉默。  tips: 总时间为0.4秒的施法时间加上2.6秒的生效延迟。 ', '[焦渴 ] 血魔能够感知到敌人的伤口中涌出的鲜血，只要敌方英雄的生命值低于75%，他的移动速度和攻击速度就会提升，而且生命值越低，提升效果越大。如果生命值低于25%，他还将获得该英雄的视野和真实视域。焦渴的效果可以叠加。  tips: 幻象不能触发该技能。 移动速度和攻击速度加成在敌人生命值低于25%时达到上限。 目标死亡后效果延续4秒。 ', '[割裂 ] 让一个敌方单位皮开肉绽。每移动100距离都将根据移动的距离受到伤害。伤害效果无视技能免疫。  可用神杖升级。 ']","['天赋1：', '+6 护甲', '+25 攻击速度', '天赋2：', '+75 血祭伤害', '+275 生命', '天赋3：', '25% 吸血', '+600 割裂施法距离', '天赋4：', '+18% 焦渴最大移速', '-6秒 血祭冷却']"
水晶室女,crystal_maiden,53.1872,http://cdn.max-c.com/app/dota2/crystal_maiden@3x.png,3274535,16,"['静谧之鞋', '微光披风', '闪烁匕首', '魔杖', '黑皇杖', '侦查·岗哨守卫', '阿哈利姆神杖', '原力法杖', '显影之尘']","['[冰霜新星 ] 召唤具有破坏性的冰爆，降低目标区域内的敌人的移动和攻击速度。 ', '[冰封禁制 ] 操控冰霜包围一个敌方单位，禁止移动和攻击，并持续造成伤害。对6级以下的普通单位施放将产生10秒的持续时间。  tips: 受到冰封禁制的作用将无法使用闪烁类技能。 ', '[奥术光环 ] 提升地图上所有友方单位的魔法回复速度。水晶室女自身获得更高的回复速度。  tips: 与其他额外魔法恢复叠加。 魔法恢复加成并不是按百分比提升魔法恢复。 ', '[极寒领域 ] 持续施法 - 以水晶室女为中心召唤冰晶轰炸敌人，将其减速并造成大量伤害。持续施法期间提供护甲加成。持续10秒。  可用神杖升级。  tips: 减速效果对作用范围内所有敌人有效，即使他们没有受到冰爆的伤害（效果持续1秒）。 每0.1秒产生一次爆炸，总共爆炸100次。 ']","['天赋1：', '+100 施法距离', '+250 生命', '天赋2：', '+150 金钱/分', '+14% 光环降低魔法消耗/损失', '天赋3：', '+60 极寒领域伤害', '+250 攻击速度', '天赋4：', '+300 冰霜新星伤害', '+1.5秒 冰封禁制持续时间']"
卓尔游侠,drow_ranger,49.5428,http://cdn.max-c.com/app/dota2/drow_ranger@3x.png,2839383,23,"['怨灵系带', '动力鞋', '飓风长戟', '影刃', '魔龙枪', '黑皇杖', '蝴蝶', '幻影斧', '白银之锋']","['[霜冻之箭 ] 卓尔游侠在箭矢中附上冰冻效果，减缓敌人的移动速度。对英雄持续1.5秒，对普通单位持续7.0秒。  tips: 减速的持续时间在下一支冰箭射中后刷新。 ', '[狂风 ] 释放一阵狂风，沉默敌方单位并将其击退。击退距离与敌人和卓尔游侠的距离成反比。 ', '[精准光环 ] 提高所有友方远程英雄的攻击速度，提升数值是卓尔游侠敏捷值的一定百分比。施放后对所有普通单位生效，持续30秒。 ', '[射手天赋 ] 卓尔游侠的战斗经验使她有概率发出极其精准高效的箭矢。箭矢将穿透敌人的防御，无视他们的基础护甲。立刻击杀非英雄单位，并且击中英雄时额外造成物理伤害。如果400范围内有敌方英雄，本技能没有效果。  可用神杖升级。 ']","['天赋1：', '+5 全属性', '+20 移动速度', '天赋2：', '+30% 狂风致盲', '+14 敏捷', '天赋3：', '+3秒 狂风沉默', '25% 闪避', '天赋4：', '50% 冷却时间减少', '+25% 精准光环攻击速度']"
撼地者,earthshaker,49.8399,http://cdn.max-c.com/app/dota2/earthshaker@3x.png,5071059,6,"['闪烁匕首', '奥术鞋', '阿哈利姆神杖', '魔杖', 'Eul的神圣法杖', '原力法杖', '灵魂之戒', '圆盾', '显影之尘']","['[沟壑 ] 用威武的图腾猛击地面，制造一条无法通过的岩脊。同时眩晕沿线的敌方单位并造成伤害。  tips: 小兵将会等待沟壑消失，不会去尝试绕开它。 沟壑不会被林肯法球抵挡。 ', '[强化图腾 ] 强化撼地者的图腾，下次攻击获得额外攻击力。  可用神杖升级。  tips: 攻击力加成是基于基础攻击力和主属性数值。 装备神杖后双击技能会像原来一样施放，不会跳跃。 强化图腾拥有克敌机先效果。 ', '[余震 ] 撼地者施放技能时会引起脚下的大地震动，眩晕附近的敌方单位并造成额外伤害。  tips: 使用物品不会触发余震。 ', '[回音击 ] 冲击波透过地面传播，对敌方单位造成伤害。每个受到攻击的敌人都会产生回音，再次对附近单位造成伤害。英雄本体将产生两次回音。 ']","['天赋1：', '+250 魔法', '+30 攻击力', '天赋2：', '+7 护甲', '+30 移动速度', '天赋3：', '+400 沟壑距离', '+50 回音击回音伤害', '天赋4：', '-2秒 强化图腾冷却', '+50% 魔法抗性']"
主宰,juggernaut,50.6348,http://cdn.max-c.com/app/dota2/juggernaut@3x.png,5767118,4,"['相位鞋', '幻影斧', '雷神之锤', '怨灵系带', '魔杖', '蝴蝶', '漩涡', '狂战斧', '碎颅锤']","['[剑刃风暴 ] 舞起具有破坏性力量的剑刃风暴，对主宰周围的敌方单位造成伤害，并使主宰对魔法免疫。  驱散类型：弱驱散  tips: 剑刃风暴期间可以使用物品。 主宰在施放剑刃风暴的过程中依然可以进行物理攻击。但是只有不受剑刃风暴伤害的单位，如守卫和建筑才会受到这些物理伤害。 总共造成450/575/700/800点伤害。 按等级总共造成400/525/650/775点伤害。 ', '[治疗守卫 ] 召唤一个治疗守卫，按周围友军单位最大生命值的一定比例治疗他们。治疗守卫可以移动，移动速度为350。持续25秒。  tips: 可以控制治疗守卫。 多个治疗守卫的效果不会叠加。 ', '[剑舞 ] 主宰有一定概率在攻击时触发致命一击。 ', '[无敌斩 ] 主宰挥剑跃向敌人，随后再以更短的攻击频率斩击附近的其它敌方单位。主宰在无敌斩期间无敌。  可用神杖升级。  tips: 无敌斩期间可以使用物品。 可以对技能免疫单位施放。 每次斩击的间隔是0.4秒。 小兵和中立生物只须一次斩击就被秒杀。 ']","['天赋1：', '+20 移动速度', '+5 全属性', '天赋2：', '+20 攻击速度', '+50 剑刃风暴移动速度', '天赋3：', '+100 剑刃风暴每秒伤害', '+10 护甲', '天赋4：', '+1秒 无敌斩持续时间', '+600 生命']"
米拉娜,mirana,50.9773,http://cdn.max-c.com/app/dota2/mirana@3x.png,2669524,29,"['怨灵系带', '相位鞋', '漩涡', '动力鞋', '魔杖', '雷神之锤', '幻影斧', '阿哈利姆神杖', '净魂之刃']","['[群星风暴 ] 召唤一波流星砸向附近的敌方单位。425范围内最近的敌方单位将会再受到一次75%伤害的冲击。  可用神杖升级。  tips: 群星风暴不会被林肯法球抵挡。 群星风暴不能伤害隐身单位。 如果原本要打击的目标死亡，群星风暴的第二次星落会重新选择一个目标。 ', '[月神之箭 ] 射出一支绝对精准的箭矢，对第一个击中的敌人造成伤害并眩晕目标。目标距离越远，眩晕时间越长，最短0.01秒，最长可达5.0秒。根据箭矢飞行的距离还将对目标额外造成最多140点伤害。若击中的是非远古的普通单位，将直接秒杀。  tips: 神箭每飞行150码，中箭后眩晕的持续时间将提高0.5秒，额外伤害增加14点。 月神之箭可以射中隐身单位。 ', '[跳跃 ] 米拉娜的坐骑向前跳跃加入战斗，发出一声凶狠的咆哮鼓舞它的主人，提升攻击和移动速度。速度加成持续2.5秒。 ', '[月之暗面 ] 让米拉娜和所有己方英雄进入隐身状态。只要还在月光阴影的持续时间内，即使隐身被打破也会在短时间内重新淡入隐身。  tips: 受到作用的单位会自动停止攻击敌人。 技能免疫状态下的队友也会受到作用。 ']","['天赋1：', '+200 生命', '+15 攻击力', '天赋2：', '+80 跳跃攻击速度', '-5秒 月神之箭冷却', '天赋3：', '+25 法力损毁', '+12% 技能增强', '天赋4：', '-70秒 月之暗面冷却', '+2 月神之箭齐发']"
变体精灵,morphling,44.9924,http://cdn.max-c.com/app/dota2/morphling@3x.png,1867658,50,"['怨灵系带', '动力鞋', '虚灵之刃', '吸血面具', '林肯法球', '幻影斧', '魔杖', '斯嘉蒂之眼', '黑皇杖']","['[波浪形态 ] 变体精灵化为波浪向前涌进，对路径上的敌人造成伤害。变体精灵在波浪形态中是无敌的。 ', '[变体攻击（敏捷） ] 用猛烈的水波打击一个敌方单位，造成的伤害为基础伤害加上变体精灵自身敏捷值乘以伤害系数的额外伤害。如果变体精灵的敏捷比力量高50%，将造成最大伤害。  tips: 弹道速度为1150。 ', '[变体攻击（力量） ] 用猛烈的水波打击一个敌方单位，根据变体精灵自身力量值造成眩晕和击退。如果变体精灵的力量比敏捷高50%，将造成最大眩晕/击退。  tips: 弹道速度为1150。 ', '[属性变换（敏捷获取） ] 变体精灵改变它的形态，将一些力量转化成敏捷。该过程可逆。升级此技能将提高转化速率。被动获得敏捷加成。  tips: 不能转化物品提供的属性加成。 ', '[属性变换（力量获取） ] 变体精灵改变它的形态，将一些敏捷转化成力量。该过程可逆。升级此技能将提高转化速率。被动获得力量加成。  tips: 在变体精灵受到眩晕效果时属性变换依然有效，但是受到沉默作用就无法转换。 属性变换不能转换物品提供的属性加成。 ', '[变形 ] 使自身向敌方目标改变，获得其基础技能。技能持续时间内可以来回切换。  可用神杖升级。  tips: 变体精灵自身及其控制的单位不能作为变形的目标。 ', '[替换复制体 ] 变体精灵替换它的复制体，瞬间将其取代。 ']","['天赋1：', '+350 波浪形态距离', '+10 敏捷', '天赋2：', '+30 攻击速度', '+20秒 变形持续时间', '天赋3：', '波浪形态攻击目标', '15% 冷却时间减少', '天赋4：', '+3 变体攻击多个目标', '2 波浪形态能量点数']"
影魔,nevermore,47.3278,http://cdn.max-c.com/app/dota2/nevermore@3x.png,2589706,30,"['黑皇杖', '怨灵系带', 'Eul的神圣法杖', '动力鞋', '闪烁匕首', '远行鞋', '魔瓶', '影刃', '阿哈利姆神杖']","['[毁灭阴影 ] 影魔对其正前方区域释放毁灭能量，对该区域中的敌人造成伤害。在目标身上施加一个连中效果，持续时间内再被毁灭阴影击中将受到额外伤害。  tips: 连中效果的持续时间在每次连中时刷新。 ', '[毁灭阴影 ] 影魔对其正前方区域释放毁灭能量，对该区域中的敌人造成伤害。在目标身上施加一个连中效果，持续时间内再被毁灭阴影击中将受到额外伤害。  tips: 连中效果的持续时间在每次连中时刷新。 ', '[毁灭阴影 ] 影魔对其正前方区域释放毁灭能量，对该区域中的敌人造成伤害。在目标身上施加一个连中效果，持续时间内再被毁灭阴影击中将受到额外伤害。  tips: 连中效果的持续时间在每次连中时刷新。 ', '[支配死灵 ] 影魔每杀死一个单位都会窃取其灵魂，获得额外的攻击力。杀死一个英雄将获得12个灵魂。影魔死亡时一半的灵魂将逃离他的束缚。  可用神杖升级。  tips: 反补、杀死中立生物也能收集到灵魂。 ', '[魔王降临 ] 影魔的出现使得周围的敌人护甲降低。  tips: 与其他降低护甲的技能和光环完全叠加。 ', '[魂之挽歌 ] 影魔聚集捕获的灵魂，以多道魔能的形式释放。若距离影魔过近将受到数道魔能的伤害。敌方单位受到魂之挽歌伤害的同时，移动速度和攻击力均会降低。每2个通过支配死灵收集的灵魂会为魂之挽歌创造一道魔能。死亡时会自动释放魂之挽歌，不占用主动大招的冷却时间。  可用神杖升级。  tips: 根据影魔收集的灵魂数量，每2个灵魂会产生1道伤害波，伤害波数量上限为18道（神杖升级后为23道）。 魂之挽歌的移动速度减缓和攻击力降低效果均无视技能免疫。 ']","['天赋1：', '+20 攻击速度', '+8% 技能增强', '天赋2：', '+30 移动速度', '魔王降临影响建筑', '天赋3：', '+150 毁灭阴影伤害', '+2 攻击力/灵魂', '天赋4：', '40% 冷却时间减少', '-5 魔王降临护甲削弱']"
幻影长矛手,phantom_lancer,47.9275,http://cdn.max-c.com/app/dota2/phantom_lancer@3x.png,1191350,73,"['净魂之刃', '动力鞋', '幻影斧', '怨灵系带', '恐鳌之心', '魔杖', '斯嘉蒂之眼', '蝴蝶', '压制之刃']","['[灵魂之矛 ] 对敌方目标单位投出一支有魔力的灵魂之矛，造成伤害并减速，同时召唤一个幻象攻击该单位。  可用神杖升级。  tips: 附近的幻象也会模仿施法动作。 ', '[神行百变 ] 幻影长矛手暂时从战场上消失。经过1秒，幻影长矛手和附近的所有幻象都会出现在目标地点的随机位置，并产生两个新的幻象。施放技能后延长所有幻象的持续时间。新加的两个幻象拥有不同的特性：一个承受正常百分比的伤害，不具有攻击力，另一个承受600%的伤害，继承20%的攻击力。  驱散类型：弱驱散  tips: 这个技能可以躲避攻击和技能弹道，并且驱散负面效果。 重新现身的单位附近的树木将会被摧毁。 幻影长矛手和他的队友可以分辨出哪个幻象承受100%伤害。 ', '[幻影冲锋 ] 对目标发动攻击后，幻影长矛手将快速向其冲去，到达目标时将获得短暂的敏捷提升。幻影长矛手的幻象也将继承此技能。  tips: 如果冲锋中途取消攻击指令，那么移动速度加成就会消失。 冲锋过程中移动速度为800。 ', '[并列 ] 幻影长矛手的存在有一定几率会破碎，产生自身的幻象。幻象也有几率进一步破碎，再产生幻象。幻影长矛手产生的幻象持续8秒，幻象产生的幻象则持续4秒。  tips: 攻击时由并列产生的幻象将自动攻击原攻击目标。 ']","['天赋1：', '+20 攻击速度', '20% 闪避', '天赋2：', '+125 灵魂之矛伤害', '+275 生命', '天赋3：', '+5 并列幻象上限', '+500 幻影冲锋距离', '天赋4：', '+30% 致命一击（2倍）', '-6秒 神行百变冷却']"
帕克,puck,43.6717,http://cdn.max-c.com/app/dota2/puck@3x.png,707359,104,"['闪烁匕首', '空灵挂件', 'Eul的神圣法杖', '动力鞋', '魔瓶', '达贡之神力', '魔杖', '远行鞋', '林肯法球']","['[幻象法球 ] 帕克向直线方向发出一个魔法球，对经过路径上的敌人造成伤害。在幻象法球飞行过程中，帕克可以使用灵动之翼来传送到法球所在的位置。  tips: 幻象法球在飞行途中提供顺畅视野。 将自己传送到幻象法球可以躲避攻击和技能弹道。 ', '[新月之痕 ] 帕克洒出它神秘的仙女粉尘，对周围的敌人造成伤害并使其沉默。 ', '[相位转移 ] 帕克暂时将自己转移到另一个位面，从而免疫伤害。  tips: 帕克在相位转移状态下依然具有碰撞体积。 进行任何动作都会中止相位转移。 帕克在相位转移状态下无敌。 ', '[灵动之翼 ] 让帕克能传送到幻象法球所在的位置。 ', '[梦境缠绕 ] 创造一个变化无常的的魔法梦境来困住敌方英雄，对他们造成0.5秒的眩晕。如果被困住的敌方英雄试图挣脱缠绕走出梦境，将因为梦境破碎而再次受到伤害和眩晕。  可用神杖升级。 ']","['天赋1：', '+150 施法距离', '+6 全属性', '天赋2：', '+90 攻击力', '+15% 技能增强', '天赋3：', '+40% 幻象法球距离/速度', '-8秒 新月之痕冷却', '天赋4：', '梦境缠绕快速攻击', '+420 金钱/分']"
帕吉,pudge,52.5409,http://cdn.max-c.com/app/dota2/pudge@3x.png,10174549,1,"['静谧之鞋', '闪烁匕首', '刃甲', '以太透镜', '洞察烟斗', '魔杖', '护腕', '魂之灵瓮', '阿托斯之棍']","['[肉钩 ] 向一个单位或方向射出血腥的肉钩。勾住第一个遭遇的单位，并将它拖到帕吉身边，如果是敌人的话将造成伤害。  可用神杖升级。  tips: 钩中敌人后将打断持续施法类技能。 肉钩能击中隐身单位。 肉钩可以穿过树木，地形和建筑。 肉钩可以拖拽友方单位，不过他们不会受到伤害。 ', '[腐烂 ] 能够造成持续伤害并减缓敌人移动速度的毒性云雾——同时对敌军和自身造成伤害。  tips: 使用腐烂不会打断持续施法。 腐烂能伤害隐身单位。 即使帕吉在开启腐烂后被沉默，腐烂也不会关闭。 帕吉可以用该技能将自己反补。 ', '[腐肉堆积 ] 给予帕吉生命恢复加成，并且帕吉每次杀死一个敌方英雄，或者附近有敌方英雄死亡时，帕吉将获得额外的力量。腐肉堆积在学习之前就可以积累力量，但是学习之后才能获得这部分力量。  tips: 与其他提高魔法抗性的物品和技能叠加。 ', '[肢解 ] 持续施法 - 帕吉撕咬一个敌方单位，使其失去行动能力并受到持续伤害。帕吉将回复与伤害量相等的生命。对英雄持续3秒，对普通单位持续6秒。  tips: 肢解的眩晕作用效果无视技能免疫，但是不能造成伤害。 即使单位受到肢解的过程中隐身，肢解的效果也不会中断。 ']","['天赋1：', '+35 腐烂伤害', '+30% 经验获取', '天赋2：', '+20% 腐烂减速', '13% 技能吸血', '天赋3：', '15% 冷却时间减少', '+180 金钱/分', '天赋4：', '+2.0 腐肉堆积叠加力量', '+3秒 肢解持续时间']"
剃刀,razor,47.1356,http://cdn.max-c.com/app/dota2/razor@3x.png,932022,89,"['相位鞋', '黑皇杖', '散夜对剑', '怨灵系带', '魔杖', '韧鼓', '阿哈利姆神杖', '阿托斯之棍', '希瓦的守护']","['[等离子场 ] 释放一波威力随扩张程度提升的等离子能量场，收缩时也会对经过的敌人造成伤害和减速。距离剃刀越远，伤害和减速越高。等离子场对每个单位造成两次伤害。 ', '[静电连接 ] 在剃刀和一个敌方英雄之间创造静电连接，吸取目标的攻击力给剃刀。  tips: 链接在一方单位死亡或双方距离超过800后断裂（拥有以太透镜则是1050）。 可以对技能免疫单位施放。 ', '[不稳定电流 ] 被动提升剃刀的移动速度，每隔若干时间对区域内所有单位造成若干伤害。 ', '[风暴之眼 ] 强大的闪电风暴，打击生命值最低的敌方单位，造成伤害并削弱护甲。  可用神杖升级。  tips: 每次打击都会以范围内血量最低的敌方单位为目标。 风暴之眼优先打击受到静电连接作用的英雄。 ']","['天赋1：', '+15 敏捷', '+225 生命', '天赋2：', '+4% 不稳定电流移动速度', '+7 静电连接攻击力吸取', '天赋3：', '-0.1 风暴之眼打击间隔', '+10 护甲', '天赋4：', '+200 不稳定电流伤害', '+100 攻击速度']"
沙王,sand_king,51.7805,http://cdn.max-c.com/app/dota2/sand_king@3x.png,2124613,41,"['闪烁匕首', '奥术鞋', '纷争面纱', '魔杖', '阿哈利姆神杖', 'Eul的神圣法杖', '圆盾', '洞察烟斗', '清莲宝珠']","['[掘地穿刺 ] 沙王钻入地面挖掘隧道前进，穿出地面时伤害并眩晕上方的敌方单位。  可用神杖升级。 ', '[沙尘暴 ] 沙王制造一起可怕的沙尘暴，伤害敌方单位的同时隐匿沙王自身。沙王离开该区域后效果结束。  tips: 沙尘暴可以用来躲避攻击和技能弹道。 ', '[腐尸毒 ] 沙王的攻击会给敌方单位注入毒液，持续时间结束或中毒单位死亡时发生剧烈爆炸，造成范围伤害和移动速度减缓效果。持续时间结束时造成较低伤害。  tips: 该状态下的单位即使没有被沙王亲手杀死也会爆炸。 状态效果对友方单位无效。 ', '[地震 ] 持续施法 - 在2秒吟唱后，沙王向地中发送扰动，引起大地剧烈震动。所有范围内的敌人会受到伤害并被减速。每次后续震击都会提高伤害传播半径。  tips: 地震波将以沙王为中心，而不是他施放技能的地点。 地震波的作用范围将会逐渐增大：275/325/375/425/475/525/575/650/675/700。 ']","['天赋1：', '+200 生命', '+20 移动速度', '天赋2：', '-50 地震攻速降低', '+40 沙尘暴每秒伤害', '天赋3：', '+4 地震波数', '+10 护甲', '天赋4：', '50% 沙尘暴减速和致盲', '+50 生命恢复']"
风暴之灵,storm_spirit,47.7462,http://cdn.max-c.com/app/dota2/storm_spirit@3x.png,2490343,33,"['动力鞋', '魔瓶', '慧光', '血精石', '紫怨', '空灵挂件', '林肯法球', '黑皇杖', '血棘']","['[残影 ] 风暴之灵制造一个充满爆炸性能量的自身残影，如果有人接近就会引爆造成伤害，残影持续12秒。  tips: 残影在技能施放1秒后才能实体化。 残影在持续时间内拥有顺畅视野。 残影爆炸将伤害260码作用范围内的单位，但是触发范围是235码。 ', '[电子涡流 ] 操控一个涡流，将一个敌方单位拖到风暴之灵所在位置。  可用神杖升级。 ', '[超负荷 ] 施法时会产生电荷，在风暴之灵下次攻击时被释放，对附近敌人造成伤害并减速。  tips: 使用物品不会触发超负荷。 ', '[球状闪电 ] 风暴之灵变成不稳定的电流在战场上横冲直撞，直到他的魔法耗尽或到达目标才停下。施法消耗为30+总魔法量的8%，每移动100距离消耗12+总魔法量的0.7%，本技能造成的伤害每飞行100距离就会递增。  tips: 行进过程中可以使用瞬发技能。 该技能可以摧毁树木。 风暴之灵在球状闪电期间是无敌状态。 ']","['天赋1：', '+3 魔法恢复', '+30 超负荷伤害', '天赋2：', '+400 生命', '+80 残影伤害', '天赋3：', '+30 攻击速度', '+0.5秒 电子涡流持续时间', '天赋4：', '球状闪电每500距离施放残影', '超负荷无视技能免疫']"
斯温,sven,49.3481,http://cdn.max-c.com/app/dota2/sven@3x.png,2720680,28,"['回音战刃', '闪烁匕首', '黑皇杖', '动力鞋', '代达罗斯之殇', '相位鞋', '迈达斯之手', '疯狂面具', '强袭胸甲']","['[风暴之拳 ] 斯温用他充满魔力的手套对敌人造成伤害和眩晕。 ', '[巨力挥舞 ] 斯温以巨力攻击，并对所有附近的敌方单位造成分裂攻击伤害。  tips: 分裂伤害会根据护甲类型有所减少，但是与护甲数值无关。 分裂伤害无视技能免疫。 分裂攻击将对斯温前方的圆形区域。 ', '[战吼 ] 斯温的战吼激励着同伴作战，提升他们的移动速度，并使他们加持一面攻击伤害护盾。护盾被消耗后效果提前结束。护盾的生命值随着斯温的力量值增长而提升。  tips: 与其他提升护甲和速度的技能完全叠加。 ', '[神之力量 ] 斯温爆发出他流浪剑客的力量，获得25秒的攻击力提升。  可用神杖升级。  tips: 额外攻击力是基于斯温的基础攻击力和主属性数值。 ']","['天赋1：', '+3 魔法恢复', '+8 力量', '天赋2：', '风暴之拳带驱散', '+30 移动速度', '天赋3：', '-6秒 风暴之拳冷却', '25% 吸血', '天赋4：', '+1.25秒 风暴之拳眩晕', '+40 神之力量额外力量']"
小小,tiny,44.3449,http://cdn.max-c.com/app/dota2/tiny@3x.png,1490932,62,"['闪烁匕首', '回音战刃', '动力鞋', '阿哈利姆神杖', '魔杖', '影刃', '魔瓶', '代达罗斯之殇', '奥术鞋']","['[山崩 ] 用岩石轰炸一块区域，对敌方单位造成短间隔的伤害并眩晕。山崩对被投掷的单位造成3倍伤害。  tips: 在1秒持续时间内造成多次伤害。 ', '[投掷 ] 抓起小小附近275范围内最近的单位（敌我皆可），然后投向目标单位或神符，对落地点周围的敌人造成伤害。如果被投掷的是敌方单位，那么这个单位会受到30%的额外伤害。  tips: 你可以投掷队友，但他们不会受到伤害。 投掷对建筑物造成33%的伤害。 投掷对建筑物造成33%的伤害。 ', '[抓树 ] 抓起一棵树砸向敌人的头，可以使用一定次数。攻击距离得到提升。攻击造成更多伤害（对建筑有效），并且路径上的单位受到全额溅射伤害。可以将树木扔出，耗尽所有使用次数，对远距离的敌人造成攻击伤害。  tips: 耗尽攻击次数后技能进入冷却。 ', '[树木连掷 ] 每0.4秒将自身525范围内一棵随机树木扔向目标范围。对该区域内敌人造成自身攻击力的120%。 ', '[长大 ] 小小崎岖的身体不断成长，提升了力量。 ', '[扔树 ] 耗尽剩余的抓树攻击次数，将树木扔向目标单位，触发自身对其的攻击，并且对周围目标造成溅射伤害。 ']","['天赋1：', '+30 攻击力', '+20 移动速度', '天赋2：', '+100 山崩伤害', '+400 生命', '天赋3：', '投掷不需要目标', '-7秒 抓树冷却', '天赋4：', '3 投掷能量点数', '-9秒 山崩冷却']"
复仇之魂,vengefulspirit,52.4873,http://cdn.max-c.com/app/dota2/vengefulspirit@3x.png,1030536,83,"['魔杖', '动力鞋', '静谧之鞋', '原力法杖', '勇气勋章', '怨灵系带', '以太透镜', '侦查·岗哨守卫', '奥术鞋']","['[魔法箭 ] 向一个敌方单位射出魔法箭，眩晕并造成伤害。 ', '[恐怖波动 ] 复仇之魂放出邪恶的嚎叫，削弱敌人的护甲并打开前方经过路径的视野。 ', '[复仇光环 ] 复仇之魂的存在提高了附近友方单位的物理攻击力。复仇之魂死亡时会产生复仇幻象，持续到英雄复活。  tips: 光环提供的攻击力加成是基于基础攻击力和主属性数值。 ', '[移形换位 ] 与一个目标英雄瞬间交换位置，无论敌我。移形换位打断目标的持续施法。  可用神杖升级。  tips: 对技能免疫单位有效。 技能施放后复仇之魂和目标附近的树木将会被摧毁。 移形换位能够打断持续施法。 ']","['天赋1：', '-1 恐怖波动护甲', '+15% 魔法抗性', '天赋2：', '-6秒 恐怖波动冷却', '+15 敏捷', '天赋3：', '+15% 复仇光环攻击力', '-6秒 魔法箭冷却', '天赋4：', '魔法箭无视技能免疫', '+400 魔法箭伤害']"
风行者,windrunner,53.1121,http://cdn.max-c.com/app/dota2/windrunner@3x.png,6457250,3,"['相位鞋', '漩涡', '空灵挂件', '金箍棒', '黑皇杖', '阿哈利姆神杖', '闪烁匕首', '魔杖', '林肯法球']","['[束缚击 ] 将目标束缚在正对其后的一个敌方单位或树上。若目标后面没有其它敌方单位或树木，则眩晕时间减少至0.75秒。  tips: 该技能可以将两个敌人一起束缚，使他们同时眩晕。 束缚击能将目标束缚在身后最多距离525码的敌方单位或500码的树木。 束缚击可以被躲避。 ', '[强力击 ] 风行者为她的弓蓄力，射出一支强力的箭矢，最长可蓄力1秒，其间可以打断蓄力，蓄力时间越长箭矢伤害越高。这支箭会对穿过的所有敌方单位造成伤害，并破坏树木。每伤害一个单位，箭矢的伤害都会降低20%。  tips: 强力击将摧毁作用范围内的树木。 ', '[风行 ] 提升移动速度并闪避一切物理攻击，同时降低周围敌人的移动速度。  可用神杖升级。  tips: 风行能够躲避在开启技能前产生的攻击和技能弹道。 ', '[集中火力 ] 风行者受风的引领，攻击敌方单位或建筑的攻击速度增加450，但是攻击力降低。不过次级物品效果的触发伤害不会降低。持续20秒。  tips: 能够以建筑和技能免疫单位为目标。 ']","['天赋1：', '-2秒 束缚击冷却', '+3 魔法恢复', '天赋2：', '+125 攻击距离', '+125 强力击伤害', '天赋3：', '风行提供隐身效果', '+1秒 束缚击眩晕', '天赋4：', '30% 冷却时间减少', '-20% 集中火力降低攻击力']"
宙斯,zuus,54.744,http://cdn.max-c.com/app/dota2/zuus@3x.png,2729397,26,"['阿哈利姆神杖', '以太透镜', '奥术鞋', '空灵挂件', '魔瓶', '慧光', 'Eul的神圣法杖', '刷新球', '远行鞋']","['[弧形闪电 ] 释放一道会跳跃穿越附近敌人的闪电。 ', '[雷击 ] 召唤一道闪电打击一个敌方单位，造成伤害及短暂眩晕。施放后，雷击在目标周围750范围内提供空中视野和真实视域。本技能可以对地施放，将会自动作用于325范围内最近的敌方英雄上。  tips: 该技能可以打断持续施法类技能和物品。 ', '[静电场 ] 宙斯的技能击中任意敌人时都会使他们额外被电击，造成他们当前生命值一定百分比的伤害。  tips: 静电场造成的伤害要先于当时使用的技能所造成的伤害。 使用物品不会触发静电场。 静电场的作用效果无需己方视野。 ', '[雷云 ] 在地图任意地点创造一朵雷云，雷云将自动对附近敌人施放雷击。  tips: 敌方英雄将其摧毁后可以获得100金。 作用于最近的敌方单位。 ', '[雷神之怒 ] 用闪电打击所有敌方英雄，无论他们身在何处。雷神之怒还会提供每个受攻击的英雄周围的真实视域。隐身的英雄不会受到伤害，但你依然会获得他所在之处的真实视域。 ']","['天赋1：', '+25% 经验获取', '+3 魔法恢复', '天赋2：', '+1.5% 静电场伤害', '+30 移动速度', '天赋3：', '+0.5秒 雷击眩晕', '15% 冷却时间减少', '天赋4：', '+155 弧形闪电伤害', '+275 施法距离']"
昆卡,kunkka,49.1648,http://cdn.max-c.com/app/dota2/kunkka@3x.png,2569342,31,"['相位鞋', '代达罗斯之殇', '护腕', '影刃', '黑皇杖', '魔瓶', '水晶剑', '魔杖', '莫尔迪基安的臂章']","['[洪流 ] 召唤喷涌的洪流，短暂延迟后，将敌人冲上天，造成伤害、眩晕和减速。  tips: 初始泡泡效果仅对队友可见。 飞到半空的单位将会被眩晕并且可以被攻击。 ', '[潮汐使者 ] 昆卡的传奇之剑使他的下一次攻击附加额外的攻击力并在前方造成大范围的分裂攻击伤害。  tips: 分裂伤害无视技能免疫。 分裂伤害无视技能免疫。 ', '[X标记 ] 对友方或敌方英雄使用，用 X 标记他们当前位置，数秒后将他们送回 X 标记处。在技能持续时间内，昆卡可以手动触发送回。对友方英雄使用后持续时间加倍。  tips: 如果目标在技能施放后进入技能免疫状态，持续时间结束后目标将不会回到标记点。 可以打断持续施法。 ', '[幽灵船 ] 召唤一艘幽灵船驶过战场，直到撞成粉碎，残骸周围的敌人将会因撞击受到伤害并眩晕。友军被泡在舰队统帅的朗姆酒中，移动速度提升并对受到的伤害反应麻木，一定百分比的伤害将会延后到持续时间结束时结算。  可用神杖升级。  tips: 在朗姆酒效果消失后造成的伤害不能致死，而且不能杀死英雄。 幽灵船实际的碰撞范围比船本身大。 幽灵船的移动速度为650。 ', '[送回 ] 将标记的英雄送回X位置。 ']","['天赋1：', '+6 护甲', '+40 攻击力', '天赋2：', '+120 洪流伤害', '+12 生命恢复', '天赋3：', '+25 力量', '+100 洪流范围', '天赋4：', '+60% 潮汐使者分裂', '幽灵船舰队']"
莉娜,lina,45.6231,http://cdn.max-c.com/app/dota2/lina@3x.png,2435017,34,"['Eul的神圣法杖', '空灵挂件', '阿哈利姆神杖', '影刃', '奥术鞋', '以太透镜', '相位鞋', '远行鞋', '魔瓶']","['[龙破斩 ] 莉娜引导龙的吐息，放出一波火焰，烧焦所有波及的敌人。  tips: 龙破斩最远能伤害距离1225码的单位。 ', '[光击阵 ] 召唤柱状火焰伤害并眩晕敌人。  tips: 光击阵将摧毁作用范围内的树木。 ', '[炽魂 ] 莉娜每次施法都会给她带来攻击和移动速度提升。可以叠加。持续10秒。  tips: 每次施放技能都会刷新持续时间。 使用物品不会触发炽魂。 ', '[神灭斩 ] 对单个敌方单位射出闪电，造成大量伤害。  可用神杖升级。  tips: 神灭斩在技能施放到伤害生效有0.25秒延迟，因此有若干技能可以躲避该伤害。 ']","['天赋1：', '+125 施法距离', '+30 攻击力', '天赋2：', '+140 光击阵伤害', '+350 生命', '天赋3：', '+30/2% 炽魂每次叠加', '+14% 技能增强', '天赋4：', '+175 攻击距离', '-6秒 龙破斩冷却']"
莱恩,lion,49.1794,http://cdn.max-c.com/app/dota2/lion@3x.png,7105405,2,"['静谧之鞋', '闪烁匕首', '阿哈利姆神杖', '魔杖', '以太透镜', '侦查·岗哨守卫', '幽魂权杖', '显影之尘', '空灵挂件']","['[裂地尖刺 ] 岩石尖刺在地上沿一条直线穿刺而出。敌方单位被抛向空中，落地时被眩晕并受到伤害。  tips: 尖刺的移动速度是每秒1600码。 ', '[妖术 ] 将一个敌方单位变成人畜无害的动物，受害者无法使用所有特殊能力。  tips: 即刻摧毁幻象。 目标的基础移动速度为140，但是如果目标有满速状态则移速不受影响。 ', '[法力吸取 ] 持续施法 - 从一个敌方单位吸取魔法能量，每秒回复自己一定的魔法值。  tips: 立刻摧毁幻象。 ', '[死亡之指 ] 撕裂一个敌方单位，将其折磨得死去活来，并造成巨大伤害。每次成功击杀英雄都会提升威力。  可用神杖升级。  tips: 死亡一指在技能施放到伤害生效有0.25秒延迟，因此有若干技能可以躲避该伤害。 ']","['天赋1：', '+90 攻击力', '+100 施法距离', '天赋2：', '+150 金钱/分', '+200 死亡之指伤害', '天赋3：', '+2 法力吸取多个目标', '+500 生命', '天赋4：', '+325 范围型妖术', '+1000 裂地尖刺距离']"
暗影萨满,shadow_shaman,51.1484,http://cdn.max-c.com/app/dota2/shadow_shaman@3x.png,3206572,18,"['奥术鞋', '以太透镜', '闪烁匕首', '魔杖', '侦查·岗哨守卫', '阿哈利姆神杖', '微光披风', '静谧之鞋', '显影之尘']","['[苍穹震击 ] 利用虚空能量制造出分叉的闪电，打击多个敌方单位。  tips: 最远可以伤害距离1000码的次级单位。 ', '[妖术 ] 将一个敌方单位变成人畜无害的动物，使其无法攻击和使用技能。  tips: 立即摧毁幻象。 目标的基础移动速度为100，但是如果目标有满速状态则移速不受影响。 妖术将使伤害格挡无效。 ', '[枷锁 ] 持续施法 - 使用魔法绑住一个敌方单位，使其无法攻击和移动，同时持续造成伤害。 ', '[群蛇守卫 ] 召唤10支毒蛇守卫来攻击敌方单位和建筑。守卫对魔法免疫。每个守卫受到两次攻击就会被摧毁。  可用神杖升级。 ']","['天赋1：', '+20% 经验获取', '+200 生命', '天赋2：', '-5秒 妖术冷却', '+125 施法距离', '天赋3：', '+1 群蛇守卫可被攻击次数', '+2.5秒 枷锁持续时间', '天赋4：', '+50 群蛇守卫攻击力', '+400 苍穹震击伤害']"
斯拉达,slardar,49.2585,http://cdn.max-c.com/app/dota2/slardar@3x.png,2032971,43,"['闪烁匕首', '动力鞋', '黑皇杖', '魔杖', '回音战刃', '圆盾', '相位鞋', '压制之刃', '护腕']","['[守卫冲刺 ] 斯拉达向前蜿行，移动速度得到显著提升，并且可以穿越单位。斯拉达在河道中移动速度突破限制，并获得移动速度加成。  tips: 开启此技能不会打断持续施法。 ', '[鱼人碎击 ] 猛击地面，对附近地面单位造成伤害并眩晕。眩晕结束后还会受到减速。  可用神杖升级。 ', '[深海重击 ] 攻击3次后，下次攻击将击晕目标。  tips: 眩晕效果无视技能免疫。 不能与碎颅锤叠加。 ', '[侵蚀雾霭 ] 削弱敌人的护甲，加深他受到的物理伤害，同时提供目标的真实视域，显示隐身单位。  tips: 给予目标的真实视域和视野。 效果无视技能免疫。 ']","['天赋1：', '+25 攻击力', '+8 生命恢复', '天赋2：', '+75 深海重击伤害', '+350 生命', '天赋3：', '+1000 夜间视野', '30% 吸血', '天赋4：', '侵蚀雾霭不可驱散', '-4.5秒 鱼人碎击冷却']"
潮汐猎人,tidehunter,51.2321,http://cdn.max-c.com/app/dota2/tidehunter@3x.png,1397780,63,"['闪烁匕首', '魔杖', '奥术鞋', '卫士胫甲', '弗拉迪米尔的祭品', '洞察烟斗', '护腕', '相位鞋', '压制之刃']","['[巨浪 ] 召唤一股巨浪攻击一个敌方单位，减速并削弱护甲。持续4秒。  可用神杖升级。 ', '[海妖外壳 ] 加厚潮汐猎人的外皮，可以被动格挡物理伤害，当受到的伤害达到临界值时外皮还将移除绝大多数负面效果。  不与带有伤害格挡的物品叠加。  驱散类型：强驱散  tips: 只有玩家控制单位造成的伤害才会计算在移除负面状态的累计伤害中。 如果6秒内没有受到来自玩家的伤害，伤害累计值将重置。 海妖外壳能移除绝大多数负面状态，即使该状态效果无法驱散。 ', '[锚击 ] 潮汐猎人挥动他巨大的锚，攻击附近敌人并造成额外伤害，同时降低他们的攻击力。  tips: 锚击对远古生物同样有效，不过对肉山无效。 ', '[毁灭 ] 猛击地面，触手向各个方向穿出，伤害并眩晕附近所有敌方单位。  tips: 毁灭能伤害隐身单位。 毁灭以775的速度向外扩散。 ']","['天赋1：', '+100 巨浪伤害', '+20 移动速度', '天赋2：', '+25% 锚击降低攻击力', '+40% 经验获取', '天赋3：', '-5 巨浪降低护甲', '+30 海妖外壳格挡伤害', '天赋4：', '+250 攻击力', '25% 冷却时间减少']"
巫医,witch_doctor,49.81,http://cdn.max-c.com/app/dota2/witch_doctor@3x.png,2254555,39,"['奥术鞋', '微光披风', '阿哈利姆神杖', '魔杖', '侦查·岗哨守卫', '以太透镜', '显影之尘', '影之灵龛', '黑皇杖']","['[麻痹药剂 ] 抛出一个装满麻痹粉末的木桶，在敌人中弹跳，眩晕击中的敌人并造成伤害。  tips: 目标可以受到多次作用，只要附近有其他单位可以进行弹跳。 ', '[巫毒疗法 ] 巫医集中魔力治疗附近的友军单位。  tips: 治疗间隔为0.33秒。 对技能免疫单位有效。 ', '[巫蛊咒术 ] 对一个较小区域内所有敌方英雄施放诅咒，他们将每秒受到固定伤害，并且从诅咒开始每4秒根据失去的血量再受到爆发伤害。  tips: 受到作用的英雄如果在结算时当前血量高于原血量，则额外伤害为0。 ', '[死亡守卫 ] 持续施法 - 召唤一个死亡守卫攻击700范围内敌方英雄。最多持续8秒。  可用神杖升级。  tips: 死亡守卫是无敌的，只有在巫医被打断或持续时间结束后才会被摧毁。 死亡守卫可以受到控制，选择攻击特定目标。 死亡守卫每0.22秒攻击一次。 ']","['天赋1：', '+6 护甲', '+75 攻击力', '天赋2：', '+120 金钱/分', '+2 麻痹药剂弹跳', '天赋3：', '+1 巫蛊咒术爆发次数', '+125 死亡守卫攻击距离', '天赋4：', '+75 死亡守卫攻击力', '+1.5% 巫毒疗法最大生命值']"
巫妖,lich,48.7955,http://cdn.max-c.com/app/dota2/lich@3x.png,1137644,78,"['静谧之鞋', '魔杖', '奥术鞋', '微光披风', '原力法杖', '阿哈利姆神杖', '侦查·岗哨守卫', '以太透镜', '显影之尘']","['[寒霜爆发 ] 破坏性的寒霜在目标敌方单位身上爆发，造成范围伤害并降低范围内敌人的移动和攻击速度，持续4秒。主要目标所受伤害最高。 ', '[冰霜魔盾 ] 施加一个冰霜魔盾环绕自身，减少受到的普通攻击伤害。魔盾开启时，每1秒都会对附近的敌方单位放出冰霜魔法，造成少量伤害和减速。 ', '[阴邪凝视 ] 持续施法 - 使一个敌方单位着魔，缓慢走到巫妖与目标之间的一点。 ', '[连环霜冻 ] 释放一个在敌人间弹跳至多10 10 10次的霜冻之球，每次击中敌人后都会造成伤害和减速效果。  可用神杖升级。  tips: 连环霜冻无法被躲避。 连环霜冻的移动速度为850。 连环霜冻不会弹跳到墓碑召唤的僵尸身上。 ']","['天赋1：', '+20 移动速度', '+200 生命', '天赋2：', '-4秒 寒霜爆发冷却', '+120 攻击力', '天赋3：', '+3秒 冰霜魔盾持续时间', '+200 施法距离', '天赋4：', '普攻减60%攻速和移速', '冰霜魔盾提供+60 生命恢复']"
力丸,riki,54.3112,http://cdn.max-c.com/app/dota2/riki@3x.png,2809150,24,"['净魂之刃', '动力鞋', '碎颅锤', '怨灵系带', '淬毒之珠', '相位鞋', '散夜对剑', '魔杖', '压制之刃']","['[烟幕 ] 丢下一个烟雾弹，沉默处于范围内的敌方单位，同时使他们的大多数攻击落空，而且移动速度被减缓。  tips: 不能阻止使用物品。 ', '[闪烁突袭 ] 传送到一个目标背后，如果是敌人则对其造成额外伤害。  tips: 力丸对敌人使用闪烁突袭后首次攻击将触发背刺。 闪烁突袭的伤害在下次攻击前生效。 可以对友方单位使用闪烁突袭，但是不会造成伤害。 ', '[刀光谍影 ] 力丸遁入阴影，保持隐身状态。每次力丸从背后攻击敌人都会造成基于敏捷值的额外伤害。主动攻击敌人，力丸将会显形。  tips: 力丸在隐身时不会自动攻击敌人。 力丸的幻象也会有背刺的动作，但是不会造成额外伤害。 背刺的额外伤害无法闪避。 ', '[绝杀秘技 ] 持续施法 - 转移出现实位面，从背后随机攻击附近的敌方英雄。  可用神杖升级。  tips: 施放后移动将中止技能效果。 ']","['天赋1：', '+8 敏捷', '+6 生命恢复', '天赋2：', '-8秒 烟幕冷却', '+20% 致命一击（1.5倍）', '天赋3：', '+700 闪烁突袭施法距离', '+0.3 背刺系数', '天赋4：', '刀光谍影不显形', '+300 绝杀秘技范围']"
谜团,enigma,51.3066,http://cdn.max-c.com/app/dota2/enigma@3x.png,1089611,81,"['闪烁匕首', '黑皇杖', '灵魂之戒', '奥术鞋', '迈达斯之手', '阿哈利姆神杖', '卫士胫甲', '刷新球', '速度之靴']","['[憎恶 ] 将谜团的力量集中于一个目标，使它受到多次伤害并反复被眩晕。每两秒眩晕一次。 ', '[恶魔转化 ] 将一个普通单位转化成三个谜团自身的碎片。这些虚灵都由谜团控制，在反复经过几次成功的攻击后，虚灵会再次分裂，并完全回复生命值。  tips: 转化敌方单位将给予金钱和经验。 ', '[午夜凋零 ] 使一块区域浸入暗共振中，对敌方单位造成他们基于最大生命值的伤害。  tips: 伤害无视技能免疫。 此技能将摧毁范围内的树木。 ', '[黑洞 ] 持续施法 - 召唤一个强引力漩涡吸住敌方单位。被黑洞影响的单位不能移动、攻击或施法。  可用神杖升级。  tips: 控制效果无视技能免疫。 ']","['天赋1：', '+15% 魔法抗性', '+25 移动速度', '天赋2：', '+150 金钱/分', '15% 冷却时间减少', '天赋3：', '+60 虚灵体攻击力', '+500 生命', '天赋4：', '+7 恶魔转化虚灵', '+5 憎恶触发次数']"
修补匠,tinker,46.5934,http://cdn.max-c.com/app/dota2/tinker@3x.png,1917316,47,"['闪烁匕首', '灵魂之戒', '远行鞋', '以太透镜', '魔瓶', '达贡之神力', '邪恶镰刀', '远行鞋', '阿哈利姆神杖']","['[激光 ] 发射强烈的能量光束，对目标造成伤害和致盲效果，使他的所有物理攻击都落空。  可用神杖升级。 ', '[热导飞弹 ] 发射一对火箭，攻击2500范围内可见的最近的敌方英雄。  可用神杖升级。 ', '[进击的机械 ] 征募一支机器人军队，摧毁修补匠周围的敌方单位。  tips: 机器人的产生速率是每秒24个。 ', '[再装填 ] 持续施法 - 重置修补匠的大多数物品和技能的冷却时间。  tips: 再装填不能刷新的物品有永恒之盘、奥术鞋、黑皇杖、迈达斯之手、林肯法球、陨星锤、死灵书、支配头盔、洞察烟斗和刷新球。 ']","['天赋1：', '+100 施法距离', '+8% 技能增强', '天赋2：', '15% 技能吸血', '+150 金钱/分', '天赋3：', '+10 进击的机械伤害', '+10 护甲', '天赋4：', '+0.3秒 热导飞弹眩晕', '+100 激光伤害']"
狙击手,sniper,47.3017,http://cdn.max-c.com/app/dota2/sniper@3x.png,4531247,7,"['动力鞋', '怨灵系带', '雷神之锤', '飓风长戟', '漩涡', '金箍棒', '影刃', '魔龙枪', '代达罗斯之殇']","['[榴霰弹 ] 消耗一点能量射出一发带有爆炸弹片的榴霰弹，在目标区域降下弹雨。区域内的敌军受到伤害并被减速。榴霰弹将给予目标区域的视野。榴霰弹的能量每过40秒恢复1点。  tips: 总共造成11次伤害，第一次在技能生效时，接下来每秒造成一次伤害。 不会对建筑造成伤害。 将拥有目标区域的视野。 ', '[爆头 ] 狙击手提高他的精确度，有一定概率造成额外伤害和短暂的移动停滞。  tips: 对友方小兵有效。 ', '[瞄准 ] 增加狙击手步枪的射程。开启后下次攻击的攻击距离加倍。 ', '[暗杀 ] 狙击手锁定一个目标敌方单位，经过短时间瞄准后从远距离射出一发毁灭性的子弹，对目标造成伤害及短暂眩晕。  可用神杖升级。  tips: 准星效果只对队友可见。 隐身不能躲避该技能弹道。 能够打断持续施法技能，打断效果无视技能免疫。 ']","['天赋1：', '+20 攻击力', '25% 冷却时间减少', '天赋2：', '+20% 榴霰弹减速', '+40 攻击速度', '天赋3：', '-1.5秒 暗杀施法时间', '+35 爆头击退距离', '天赋4：', '+6 榴霰弹能量点数', '+125 攻击距离']"
瘟疫法师,necrolyte,48.3273,http://cdn.max-c.com/app/dota2/necrolyte@3x.png,1746124,55,"['空灵挂件', '魔杖', '阿哈利姆神杖', '辉耀', '卫士胫甲', '奥术鞋', '相位鞋', '闪烁匕首', '洞察烟斗']","['[死亡脉冲 ] 瘟疫法师在他周围释放死亡波动，伤害敌方单位并治疗友军单位。  tips: 死亡脉冲不能被躲避。 可以治疗技能免疫单位。 ', '[幽魂护罩 ] 瘟疫法师步入将生者与死者相隔的领域。散发出一片灵气，减缓周围敌人的移动速度。在这个形态下，瘟疫法师无法攻击或被攻击，受到的魔法伤害增加，但是生命/魔法恢复效果加强。 ', '[竭心光环 ] 瘟疫法师让敌人的心脏停跳，使附近敌方单位按最大生命值一定百分比持续流失生命。瘟疫法师每次成功击杀单位都将被动获得恢复效果，持续7秒。  tips: 不会禁用闪烁匕首类技能。 不能作用于远古生物。 ', '[死神镰刀 ] 眩晕目标敌方英雄，然后造成基于他当前损失生命值的伤害。被死神镰刀杀死后下次复活时间将会增加15 25 35秒。如果目标在死神镰刀效果下死亡，击杀者为瘟疫法师。  可用神杖升级。  tips: 伤害在眩晕结束后结算。 眩晕效果无视技能免疫，伤害对技能免疫单位无效。 ']","['天赋1：', '+10 力量', '+30 攻击力', '天赋2：', '+40 死亡脉冲治疗', '+30% 幽魂护罩减速', '天赋3：', '+70 攻击速度', '+20% 魔法抗性', '天赋4：', '-2.5秒 死亡脉冲冷却', '+0.8 竭心光环']"
术士,warlock,54.4887,http://cdn.max-c.com/app/dota2/warlock@3x.png,2421867,36,"['奥术鞋', '阿哈利姆神杖', '魔杖', '迈达斯之手', '微光披风', '刷新球', '侦查·岗哨守卫', '速度之靴', '显影之尘']","['[致命连接 ] 将数个敌方单位连接在一起，其中一人所受伤害的一定百分比会被其他所有人感受到。 ', '[暗言术 ] 术士低声说出一个咒语，持续治疗一个友方单位或伤害一个敌方单位。 ', '[剧变 ] 持续施法 - 随施法时间增强的减速气流。持续最多16秒。在魔法结束或目标离开生效区域后，敌人仍会被减速3秒。  tips: 减速效果的增加是根据持续施法的时长，而不是敌人在区内停留的持续时间。 ', '[混乱之祭 ] 从深渊召唤一个地狱火，眩晕敌人1秒。地狱火持续60秒，能够减免部分技能的伤害，拥有永久献祭和烈焰之拳技能。  可用神杖升级。  tips: 眩晕效果无视技能免疫。 该技能将摧毁作用范围内的树木。 ']","['天赋1：', '+150 施法距离', '+4% 致命连接伤害', '天赋2：', '-7秒 暗言术冷却', '+60% 经验获取', '天赋3：', '300 范围型暗言术', '死亡时召唤地狱火', '天赋4：', '地狱火技能免疫', '+25 地狱火护甲']"
兽王,beastmaster,48.2125,http://cdn.max-c.com/app/dota2/beastmaster@3x.png,349227,113,"['弗拉迪米尔的祭品', '死灵书', '相位鞋', '圆盾', '魔杖', '闪烁匕首', '压制之刃', '炎阳纹章', '速度之靴']","['[野性之斧 ] 兽王投出他的斧头然后召回它们，切开飞过的敌人和树木。每把飞斧只对同一个敌人攻击一次，并且使受到来自兽王和其单位的伤害增加。  可用神杖升级。  tips: 此技能将摧毁树木。 ', '[野性呼唤：豪猪 ] 兽王召唤强力的豪猪作为战场上的战友，豪猪的攻击带有毒素，可以降低敌人的移动速度和攻击速度。 ', '[野性呼唤战鹰 ] 兽王派出一只隐形的战鹰侦查一片区域。 ', '[野性之心 ] 唤起友军内心的狂怒，提高他们的攻击速度。 ', '[原始咆哮 ] 兽王发出震耳欲聋的咆哮，使目标敌方单位受到伤害并眩晕，同时在兽王和他的猎物之间清出一条通道。通道上的所有单位都被震开，也受到伤害并被降低移动和攻击速度。另外，兽王和他的单位获得40%移动速度提升，持续3秒。  tips: 眩晕效果无视技能免疫。技能免疫状态下不会受到伤害。 ']","['天赋1：', '+20 移动速度', '+25% 经验获取', '天赋2：', '+35 豪猪攻击力', '+6 护甲', '天赋3：', '+500 生命', '+75 野性之斧伤害', '天赋4：', '-20秒 召唤战鹰冷却', '+25 野性之心攻击速度']"
痛苦女王,queenofpain,46.2346,http://cdn.max-c.com/app/dota2/queenofpain@3x.png,1822275,53,"['动力鞋', '空灵挂件', '魔瓶', '紫怨', '阿哈利姆神杖', '黑皇杖', 'Eul的神圣法杖', '林肯法球', '魔杖']","['[暗影突袭 ] 猛投一把淬毒匕首造成大量初始伤害，并造成3秒一次的后续伤害。中毒单位移动速度降低15秒。  tips: 受到作用单位在持续时间内将逐秒缓慢地恢复初始移动速度。 受到暗影突袭作用的单位在生命值低于最大值25%时可以被队友反补。 ', '[闪烁 ] 让痛苦女王自由出入战场的短距离传送。  tips: 使用闪烁可以躲避多种飞行过程中的攻击和技能弹道。 ', '[痛苦尖叫 ] 痛苦女王发出刺耳的尖叫，对周围敌人造成伤害。  tips: 痛苦尖叫能作用隐身单位。 痛苦尖叫无法被躲避。 ', '[超声冲击波 ] 痛苦女王在她面前制造出强大的声波，对其轨迹上的所有敌人造成大量伤害，并将他们击退。  可用神杖升级。  tips: 超声冲击波最远能伤害距离1150码的单位。 ']","['天赋1：', '+10 力量', '+25 攻击力', '天赋2：', '+40 攻击速度', '12% 冷却时间减少', '天赋3：', '650 范围型暗影突袭', '30% 技能吸血', '天赋4：', '15秒 法术抵抗', '痛苦尖叫造成1.5秒恐惧']"
剧毒术士,venomancer,50.1733,http://cdn.max-c.com/app/dota2/venomancer@3x.png,1517768,60,"['阿哈利姆神杖', '纷争面纱', '魔杖', '动力鞋', '怨灵系带', '原力法杖', '奥术鞋', '闪烁匕首', '卫士胫甲']","['[瘴气 ] 沿直线射出一个毒液球，碰到的敌人受到初始伤害和持续伤害，并受到减速效果影响。瘴气在持续时间内每3秒造成一次持续伤害。  tips: 受到瘴气作用的单位在生命值低于最大值25%的时候可以被反补。 技能持续时间内每3秒造成一次伤害。 初始减速效果为50%，减速效果将逐渐降低。 ', '[毒刺 ] 在剧毒术士的普通攻击中加入毒性伤害，可以减缓敌人的移动速度。  tips: 毒刺的伤害可以致死。 毒刺造成的持续性伤害不会打断物品的回复效果，也不能使闪烁匕首进行冷却状态。 ', '[瘟疫守卫 ] 召唤一个瘟疫守卫来攻击敌方单位和建筑。守卫对魔法免疫。守卫拥有毒刺攻击，效果与毒刺技能的当前等级相同，造成50%的原技能伤害。 ', '[剧毒新星 ] 施放一个剧毒之环，对剧毒术士周围的敌方单位造成持续伤害。剧毒新星的效果不能致死；目标的生命值最低降至1点。  可用神杖升级。 ']","['天赋1：', '+90 金钱/分', '-8秒 瘴气冷却', '天赋2：', '+12% 毒刺减速', '瘴气击中英雄时召唤2个守卫', '天赋3：', '15% 技能吸血', '+7秒 剧毒新星持续时间', '天赋4：', '3倍 瘟疫守卫生命/伤害', '+800 剧毒新星范围']"
虚空假面,faceless_void,51.5273,http://cdn.max-c.com/app/dota2/faceless_void@3x.png,3169584,19,"['动力鞋', '疯狂面具', '黑皇杖', '金箍棒', '雷神之锤', '怨灵系带', '漩涡', '幻影斧', '蝴蝶']","['[时间漫游 ] 冲到目标位置，并取消最近2.0秒内受到的任何伤害。  tips: 虚空假面在时间漫游过程中为无敌状态。 ', '[时间膨胀 ] 虚空假面将附近所有敌人困在一个时间膨胀场中，持续6 8 10 12秒，技能的冷却将会停止，每停止一个技能的冷却，敌人的移动和攻击速度就会降低14%。 ', '[时间锁定 ] 攻击有一定概率将一个敌方目标锁定在时间中，再次发动攻击。  tips: 眩晕效果无视技能免疫。 不与碎颅锤叠加。 ', '[时间结界 ] 在时空中创造一个泡状遮罩，将所有位于其中的单位定住，并使虚空假面在其内部来去自如。只有虚空假面和他控制的单位不受影响。在其中的隐身单位会显形。  可用神杖升级。  tips: 能够定住所有单位和建筑，不论敌我。除了虚空假面控制的单位。 虚空假面不受任何时间结界的影响。 ']","['天赋1：', '+12 力量', '+15 攻击力', '天赋2：', '-1.5秒 时间漫游冷却', '+70 时间锁定伤害', '天赋3：', '+500 时间漫游距离', '+45 攻击速度', '天赋4：', '+175 时间结界范围', '+25% 回到过去']"
冥魂大帝,skeleton_king,55.2965,http://cdn.max-c.com/app/dota2/skeleton_king@3x.png,3860181,11,"['辉耀', '闪烁匕首', '动力鞋', '迈达斯之手', '相位鞋', '强袭胸甲', '黑皇杖', '刃甲', '压制之刃']","['[冥火爆击 ] 冥魂大帝向一个敌方单位发射冥魂火球，造成即时伤害和眩晕，并持续对目标造成伤害和减速。  tips: 冥魂大帝召唤骷髅兵后，对目标单位施放冥火爆击将命令所有骷髅兵攻击该目标。 ', '[吸血光环 ] 附近友方近战单位在攻击敌方单位时将根据造成的伤害回复一定的生命值。  tips: 与其他吸血效果完全叠加。 可以切换为只对英雄有效。 ', '[本命一击 ] 冥魂大帝在攻击时有几率造成额外伤害。每击杀两个敌方单位将获得一点能量，可以召唤骷髅兵。骷髅兵被击杀后可以重生一次。  tips: 召唤的骷髅兵会自动攻击被冥火爆击伤害的单位。 ', '[绝冥再生 ] 冥魂大帝倒下后，他飞散的冥魂会重组，使他复活。死亡时附近900范围内的敌人会被减速。  可用神杖升级。  tips: 如果魔法不足冥魂大帝将不会重生。 如果冥魂大帝拥有不朽之守护，同时绝冥再生不处于冷却状态，死亡后将首先触发绝冥再生。 重生后生命值和魔法值全满。 对于死亡被延缓的友军，其成为冥魂前所受的最后一击来源即为击杀者。 冥魂续命效果能作用于冥魂大帝实际的死亡，如果符合绝冥再生的条件本效果不会生效。 ']","['天赋1：', '+20 攻击速度', '+1.5秒 冥火爆击减速', '天赋2：', '+30 骷髅兵攻击力', '+15 力量', '天赋3：', '2倍 骷髅兵产生数量', '绝冥再生不消耗魔法', '天赋4：', '绝冥再生施放冥火爆击', '+25% 吸血光环吸血']"
死亡先知,death_prophet,48.6021,http://cdn.max-c.com/app/dota2/death_prophet@3x.png,937774,88,"['Eul的神圣法杖', '相位鞋', '空灵挂件', '阿哈利姆神杖', '魔瓶', '黑皇杖', '魔杖', '希瓦的守护', '玲珑心']","['[地穴虫群 ] 召唤一群食腐虫在死亡先知面前的敌人中肆虐。  tips: 最远能伤害距离1110码的单位。 ', '[沉默魔法 ] 阻止目标区域内的敌人施放魔法。  tips: 不能阻止使用物品。 ', '[吸魂巫术 ] 创造一个灵魂连接，将死亡先知与一个敌方单位相连。每秒吸取14 + 最大生命值的1.0 2.5 4.0 5.5%，并且窃取 移动速度。  tips: 多个连接不能同时作用于一个目标。 ', '[驱使恶灵 ] 释放恶灵偷走敌方单位和建筑的生命。持续时间结束后，死亡先知根据造成的伤害量，获得一定比例的治疗。持续35秒。  可用神杖升级。  tips: 作用范围代表死亡先知周围的恶灵寻找目标的范围。 恶灵的伤害无法格挡。 ']","['天赋1：', '+15% 魔法抗性', '+40 攻击力', '天赋2：', '+175 施法距离', '+1% 吸魂巫术最大生命值', '天赋3：', '-3秒 地穴虫群冷却', '+500 生命', '天赋4：', '+8 驱使恶灵数量', '驱使恶灵提供极速状态']"
幻影刺客,phantom_assassin,50.125,http://cdn.max-c.com/app/dota2/phantom_assassin@3x.png,4445658,8,"['黯灭', '相位鞋', '黑皇杖', '怨灵系带', '狂战斧', '碎颅锤', '深渊之刃', '圆盾', '魔杖']","['[窒碍短匕 ] 对敌方单位掷出一把匕首，减缓其移动速度，并造成物理伤害，数值为65+幻影刺客攻击伤害的25 40 55 70%，同时继承物品和技能的攻击效果。  tips: 如果攻击效果为几率触发，匕首的触发几率与原几率相同。 ', '[幻影突袭 ] 闪烁到一个友方或敌方单位身边，如果是敌方单位则在攻击该目标时获得攻击速度加成。 ', '[魅影无形 ] 幻影刺客专注一心，闪避敌人攻击的技艺得到提升。可以主动施放，模糊自己的身形，使她在附近没有敌方英雄时无法被看到。  与其他闪避效果为非线性叠加。  可用神杖升级。 ', '[恩赐解脱 ] 幻影刺客的战斗技巧得到精进，有一定概率对敌方单位造成毁灭性的致命一击。致命一击的效果对窒碍短匕同样有效。 ']","['天赋1：', '+15 攻击力', '+200 生命', '天赋2：', '+25% 分裂', '15% 吸血', '天赋3：', '+25% 魅影无形闪避', '-4 护甲削弱', '天赋4：', '+2 窒碍短匕掷出', '+10% 恩赐解脱几率']"
帕格纳,pugna,46.689,http://cdn.max-c.com/app/dota2/pugna@3x.png,969811,86,"['以太透镜', '空灵挂件', '奥术鞋', '阿哈利姆神杖', '魔杖', '速度之靴', '慧光', '达贡之神力', '远行鞋']","['[幽冥爆轰 ] 一个爆炸性脉冲，对敌方单位造成伤害。对建筑物造成半额伤害。  tips: 伤害生效延迟为0.9秒。 ', '[衰老 ] 一个强大的驱逐咒语，能降低一个单位的速度并使其无法攻击/受到攻击。受影响的单位承受额外魔法伤害。  tips: 只有魔法伤害和纯粹伤害可以作用于处于衰老状态的单位。 不会有友方单位造成减速。 可以对幽冥守卫施放。 ', '[幽冥守卫 ] 帕格纳在目标地点放置一个幽冥守卫。守卫将降低附近敌方英雄的魔法恢复，对任何施法的敌方英雄发射魔力闪光。幽冥守卫造成的伤害与施法消耗的魔法值成正比。  tips: 技能施放后幽冥守卫先造成伤害，技能才会生效，所以如果施法者因此阵亡，施放的技能将没有效果。 幽冥守卫可以受到衰老的作用。 幽冥守卫拥有4点生命值。每次英雄攻击将损失1点生命值，非英雄单位攻击将损失0.25点生命值。 ', '[生命汲取 ] 持续施法 - 使用生命汲取时，帕格纳吸取目标敌方单位的生命值，并获得其视野。如果生命值已满，而且目标是名英雄，那将开始回复魔法值。持续10秒。  向队友施放可以将自己的生命值转移给队友。  可用神杖升级。  tips: 生命汲取量与实际造成的伤害相同。 幻象在受到第一下伤害后就会被摧毁。 ']","['天赋1：', '+225 生命', '+20 移动速度', '天赋2：', '+3 幽冥守卫生命', '-1秒 幽冥爆轰冷却', '天赋3：', '+2秒 衰老持续时间', '+25% 生命汲取回复', '天赋4：', '+1.75 幽冥守卫伤害系数', '+200 幽冥爆轰伤害']"
圣堂刺客,templar_assassin,46.0516,http://cdn.max-c.com/app/dota2/templar_assassin@3x.png,1152373,76,"['黯灭', '闪烁匕首', '动力鞋', '怨灵系带', '黑皇杖', '金箍棒', '魔瓶', '代达罗斯之殇', '飓风长戟']","['[折光 ] 圣堂刺客变得十分难以捉摸，躲避伤害的同时获得攻击力加成。攻击力加成和伤害躲避效果相互独立，都是只有一定次数的效果。  tips: 生命移除类伤害将无视折光（也不会减少折光次数）。 伤害超过5点才会被折光格挡。 折光对敌人可见。 ', '[隐匿 ] 圣堂刺客将自己隐藏起来，只要静止不动将一直处于隐身状态。只要在隐匿状态下攻击敌人打破隐身，拉娜娅将对敌人造成额外伤害，并降低其护甲，持续12秒。  tips: 除了停在原地外，所有动作都会打破隐匿。 隐匿的护甲降低作用对防御塔无效。 ', '[灵能之刃 ] 圣堂刺客锋利的灵能之刃可以穿透敌人，对其正后方的敌人同样造成伤害，并且提高攻击距离。  tips: 飞溅伤害可以伤害隐身单位。 重击等攻击特效只对主目标有效。 ', '[触发陷阱 ] 触发最近的陷阱，减速周围的敌人。 ', '[灵能投射 ] 使圣堂刺客经过2秒持续施法后能传送至任意灵能陷阱。不会脱离隐匿效果。到达时引爆灵能陷阱。 ', '[灵能陷阱 ] 圣堂刺客放下一个隐形的神秘陷阱监视敌人的动向。刚放下陷阱时启动后区域内敌人的移动速度将降低30%。放下4秒后引爆陷阱将达到最高的60%减速效果。充能完毕后引爆将造成额外伤害。  可用神杖升级。  tips: 陷阱没有时间限制。 放置后2秒逐渐进入隐身，对技能免疫，拥有100点生命值。 陷阱的视野是400/400，不能阻止中立生物刷新。 ']","['天赋1：', '15% 闪避', '+25 攻击速度', '天赋2：', '+200 灵能陷阱伤害', '+25 移动速度', '天赋3：', '-4 隐匿降低护甲', '隐匿带驱散', '天赋4：', '+4 折光次数', '1.5秒 隐匿造成击晕']"
冥界亚龙,viper,53.0494,http://cdn.max-c.com/app/dota2/viper@3x.png,2214640,40,"['阿托斯之棍', '怨灵系带', '卫士胫甲', '刃甲', '阿哈利姆神杖', '魔杖', '动力鞋', '奥术鞋', '黑皇杖']","['[毒性攻击 ] 增强冥界亚龙的毒液，使它的普通攻击降低目标的攻击和移动速度，并根据目标损失的血量造成持续伤害。  tips: 连续的技能施放不会提高减速效果和伤害，不过会刷新持续时间。 ', '[幽冥剧毒 ] 冥界亚龙向目标区域施放幽冥剧毒。对范围内敌人造成持续伤害，降低魔法抗性并且禁用他们的被动技能。 ', '[腐蚀皮肤 ] 冥界亚龙分泌出感染性的毒素，1400范围内任何伤害它的敌人将受到伤害，同时攻击速度也被降低。这种酸性分泌物还能提高蝮蛇的魔法抗性。  tips: 与其他提高魔法抗性的物品和技能叠加。 ', '[蝮蛇突袭 ] 降低目标敌方单位的移动和攻击速度，并造成持续毒性伤害。移动速度会在毒性的持续时间内逐渐恢复。  可用神杖升级。  tips: 减速效果无视技能免疫。 ']","['天赋1：', '8% 技能吸血', '+25 攻击速度', '天赋2：', '+6 腐蚀皮肤各效果', '+125 攻击距离', '天赋3：', '毒性攻击影响建筑', '+100 蝮蛇突袭每秒伤害', '天赋4：', '+120 攻击力', '幽冥剧毒造成沉默']"
露娜,luna,51.2173,http://cdn.max-c.com/app/dota2/luna@3x.png,1525105,58,"['动力鞋', '幻影斧', '怨灵系带', '黑皇杖', '疯狂面具', '蝴蝶', '魔龙枪', '吸血面具', '阿哈利姆神杖']","['[月光 ] 召唤一道月能的光束打击敌人，造成伤害并短暂眩晕目标。 ', '[月刃 ] 强化露娜的月刃，使其攻击可以在敌方单位之间弹跳。每次弹跳造成的伤害都会减少。 ', '[月之祝福 ] 提升露娜和附近友方英雄的主属性，而露娜受到福佑后夜间视野上升。 ', '[月蚀 ] 召唤一次月蚀，以她当前技能等级的月光随机打击附近敌人。月光只有伤害效果，不会造成眩晕，而且单一目标只能受到有限次数的打击。月蚀会暂时将白天变为黑夜，持续10秒。  可用神杖升级。  tips: 如果露娜没有升级月光，月蚀将无法造成伤害，但是变为黑夜效果有效。 露娜被杀后月光马上中止。 月蚀不会造成眩晕。 不能伤害隐身单位。 每道月光之间都有0.6秒的间隔。神杖升级后间隔为0.3秒。 ']","['天赋1：', '+400 施法距离', '+20 攻击速度', '天赋2：', '+30 移动速度', '-4秒 月光冷却', '天赋3：', '+125 月光伤害', '+10 全属性', '天赋4：', '+0.25秒 月蚀月光眩晕', '35% 吸血']"
龙骑士,dragon_knight,48.8157,http://cdn.max-c.com/app/dota2/dragon_knight@3x.png,1213586,70,"['动力鞋', '黑皇杖', '灵魂之戒', '影刃', '强袭胸甲', '迈达斯之手', '阿哈利姆神杖', '闪烁匕首', '圆盾']","['[火焰气息 ] 向龙骑士的前方喷射出一团火焰，烧灼碰到的敌人，并使其攻击力降低。  tips: 可以作用于机械单位。 最远能伤害距离900码的单位。 ', '[神龙摆尾 ] 龙骑士用盾对身边的一个敌方单位进行打击，造成眩晕和少量伤害。在古龙形态下施法距离提高到400。 ', '[龙族血统 ] 龙族的鲜血能提高龙骑士的生命恢复速度以及护甲。 ', '[古龙形态 ] 龙骑士能够变身成为三种古龙形态之一，同时提升移动速度以及神龙摆尾的施法距离，并且获得新的能力。 等级1 碧龙 - 腐蚀吐息：攻击时附带毒素，造成每秒20点伤害，持续5秒。 等级2 赤龙 - 溅射攻击：攻击时75 75 75 115%伤害将溅射到300范围内所有单位，并且全部受到腐蚀吐息的作用。 等级3 苍龙 - 冰霜吐息：降低攻击溅射到的敌人40%移动速度和40攻击速度，持续3秒，并且全部受到腐蚀吐息的作用。  可用神杖升级。  tips: 腐蚀吐息的毒素伤害可以致死。 幻影斧的冷却时间根据龙骑士在使用物品时处于远程或近战形态而定。 幻影斧的冷却时间根据龙骑士在使用物品时处于远程或近战形态而定。 ']","['天赋1：', '-30% 火焰气息降低攻击力', '+3 魔法恢复', '天赋2：', '+400 生命', '+30 攻击力', '天赋3：', '+25 力量', '+180 金钱/分', '天赋4：', '+2秒 神龙摆尾眩晕', '2倍 龙族血统生命恢复/护甲']"
戴泽,dazzle,51.9406,http://cdn.max-c.com/app/dota2/dazzle@3x.png,2324636,38,"['奥术鞋', '魔杖', '卫士胫甲', '侦查·岗哨守卫', '原力法杖', '勇气勋章', '显影之尘', '微光披风', '以太透镜']","['[剧毒之触 ] 施放一股锥形的毒素，可以打击多个敌方单位。造成持续伤害和减速。每次目标受到攻击，负面效果将刷新持续时间。  tips: 伤害格挡类技能不能减少该技能伤害。 ', '[薄葬 ] 将薄葬施放于一名友军，使他在持续时间内无论受到多大伤害都不会死亡。  可用神杖升级。  tips: 在薄葬作用下生命值至少为1点，但是斧王的淘汰之刃还是可以斩杀目标英雄。 ', '[暗影波 ] 放出一道能量弧，可以瞬间跳跃至目标附近的队友，治疗的同时还将对附近的敌人造成伤害。施放暗影波时戴泽必定会享受到治疗效果。  tips: 优先治疗友方英雄 如果敌军附近有多个我方单位，那么他将受到多重暗影波的伤害。 ', '[邪能 ] 被动减少技能和物品的冷却时间。每次施放技能，附近所有敌人的护甲都会被降低。负面效果可以叠加，并且刷新持续时间。 ']","['天赋1：', '+30% 经验获取', '+75 攻击力', '天赋2：', '+30 暗影波治疗/伤害', '+200 施法距离', '天赋3：', '+45 剧毒之触每秒伤害', '+40 移动速度', '天赋4：', '+0.5 邪能降低护甲', '+40% 剧毒之触减速']"
发条技师,rattletrap,51.8168,http://cdn.max-c.com/app/dota2/rattletrap@3x.png,976127,85,"['刃甲', '相位鞋', '魔杖', '阿哈利姆神杖', '圆盾', '原力法杖', '魂之灵瓮', '显影之尘', '护腕']","['[弹幕冲击 ] 向附近敌方单位随机射出高能弹片，造成小幅魔法伤害和短暂眩晕。  tips: 每0.7秒造成一次伤害。 发条技师被控制后仍然有效。 每级总共伤害：320/800/1280/1760 ', '[能量齿轮 ] 用通电的齿轮在发条技师周围形成一圈障碍物，困住贴近的单位。在外侧的敌人碰到齿轮会被电流震退，损失一定的生命和魔法。一个齿轮发动过一次震击后就会报废。敌人攻击齿轮数次后可将其摧毁，而发条技师只需要攻击一次。  tips: 齿轮可以震退隐身单位。 ', '[照明火箭 ] 向全地图范围内的任意目标区域发射照明弹，对区域内敌人造成伤害并提供10秒的视野。 ', '[发射钩爪 ] 向目标位置高速射出钩爪，如果命中一个单位，发条技师会将自己牵引到目标身边，若目标为非友方单位则造成眩晕和伤害。对牵引时冲撞到的单位也造成伤害和眩晕。  可用神杖升级。  tips: 发射钩爪可以抓住友方单位并将发条技师牵引过去，但是不会造成伤害和眩晕。 发射钩爪的牵引和眩晕效果无视技能免疫。技能免疫状态下不会受到伤害。 ']","['天赋1：', '+20 移动速度', '+5 护甲', '天赋2：', '+30 弹幕冲击伤害', '+15 力量', '天赋3：', '+125 照明火箭伤害', '照明火箭具有真实视域', '天赋4：', '-0.3秒 弹幕冲击间隔', '+50% 魔法抗性']"
拉席克,leshrac,44.8516,http://cdn.max-c.com/app/dota2/leshrac@3x.png,768144,101,"['Eul的神圣法杖', '空灵挂件', '奥术鞋', '魔杖', '血精石', '远行鞋', '黑皇杖', '魔瓶', '阿托斯之棍']","['[撕裂大地 ] 撕裂敌人脚下的大地。造成伤害和短暂的眩晕。  tips: 撕裂大地将摧毁作用范围内的树木。 技能经过0.35秒延迟后生效。 ', '[恶魔敕令 ] 使拉席克周围的区域充满魔法爆炸，对敌方单位和建筑造成物理伤害。范围内的敌人越少，他们受到的伤害就越大。对防御塔额外造成40%的伤害。持续10秒。  tips: 伤害不会被格挡类效果减免。 即使拉席克死亡，爆炸还是会在原地继续。 可以伤害建筑，技能免疫单位和隐身单位。 ', '[闪电风暴 ] 召唤一片闪电风暴攻击目标敌方单位，并跳跃到附近的敌方单位。被攻击的敌人将会被减速。  可用神杖升级。 ', '[脉冲新星 ] 拉席克在他周围创造破坏性的能量波，每秒对附近敌方单位造成伤害。 ']","['天赋1：', '+250 魔法', '+5 护甲', '天赋2：', '+30 移动速度', '+15 力量', '天赋3：', '+50 脉冲新星伤害', '25% 闪避', '天赋4：', '+3秒 闪电风暴减速', '+40 恶魔敕令爆炸次数']"
先知,furion,44.2228,http://cdn.max-c.com/app/dota2/furion@3x.png,1651839,57,"['动力鞋', '影刃', '迈达斯之手', '黯灭', '血棘', '漩涡', '相位鞋', '雷神之锤', '紫怨']","['[发芽 ] 使一圈树木在一个单位的周围发芽，将其困在其中。  tips: 发芽的施放目标可以是任何单位或者地面。 发芽产生的树木跟英雄技能的相互作用与平常树木相同。 ', '[传送 ] 传送到地图上任何位置。  tips: 传送需要3秒的施法时间。 魔耗和冷却时间都是在技能施放结束后结算。先知在施放技能时被打断将不会耗费魔法或使技能进入冷却。 施法开始后，目标地点将产生视觉特效，对队友和敌人均可见。 ', '[自然的呼唤 ] 将一片树木转化成树人。树人拥有550点生命，造成24 28 32 36点伤害。  tips: 自然的呼唤产生的树人不会超过目标区域内树木的数量。 ', '[自然之怒 ] 伤害性的能量在全地图跳跃，打击视野中距目标点最近的多个敌人。每击中一个敌人伤害都会增加。  可用神杖升级。  tips: 自然的愤怒只能伤害视野内的单位。 可以通过点击小地图施放；初始目标将选择施放地点最近的有效单位。 ']","['天赋1：', '+25 移动速度', '+30 攻击力', '天赋2：', '+4 召唤树人', '+10 护甲', '天赋3：', '25% 冷却时间减少', '+40 攻击速度', '天赋4：', '2倍 树人生命/攻击力', '传送无冷却']"
噬魂鬼,life_stealer,50.1894,http://cdn.max-c.com/app/dota2/life_stealer@3x.png,2426581,35,"['相位鞋', '迈达斯之手', '辉耀', '黯灭', '强袭胸甲', '散夜对剑', '深渊之刃', '莫尔迪基安的臂章', '碎颅锤']","['[狂暴 ] 进入狂暴状态，对技能免疫，获得100%魔法抗性并提升攻击速度。  驱散类型：弱驱散  tips: 施放后，许多正面和负面状态都会被移除。 ', '[盛宴 ] 噬魂鬼每次攻击时还会根据目标最大生命值造成额外伤害，同时自身回复等量的生命。  tips: 无法作用于肉山。 无视技能免疫。 回复量与造成伤害相互独立。 与其他吸血类效果完全叠加。 ', '[撕裂伤口 ] 噬魂鬼撕裂一个敌方单位，减缓受害者的移动速度，并使所有友军在攻击该单位时根据造成的伤害回复一定比例的生命。所有伤害都有回复效果，包括技能的伤害。受害者在持续时间内逐渐恢复移动速度。  tips: 撕裂伤口的减速有8个独立的阶段：70%/70%/60%/50%/30%/10%/10%/10%，每过一秒就会进入下个阶段，减速效果不断降低。 与其他吸血类效果完全叠加。 ', '[吸收 ] 噬魂鬼吞下友方目标，使其藏于自己的体内。被吸收的单位将享受噬魂鬼的回复效果。被吸收的英雄离开噬魂鬼时会突然现身，对周围敌人造成伤害。  驱散类型：强驱散 ', '[感染 ] 噬魂鬼进入目标单位的身体，无法被察觉。接着可以从宿主体内现身，对周围所有敌方单位造成伤害。如果被感染单位是小兵或中立生物，噬魂鬼可以控制其进行移动和攻击，而现身时会将其吞噬，获得目标当前生命值同等的生命回复。无法对敌方英雄生效。  驱散类型：弱驱散  tips: 如果受感染的目标在噬魂鬼吞噬之前死亡，噬魂鬼将不能回复生命。 噬魂鬼在感染一个单位期间能够从周围死亡的单位身上获得经验。 受控制的单位与噬魂鬼的移动速度相同。 2级和3级感染可以对远古生物使用。 ', '[控制 ] 噬魂鬼掌控了宿主身体里的神经系统，使他可以在体内下达移动和攻击的指令。受控制的单位与噬魂鬼的移动速度相同。不可对英雄使用。 ', '[吞噬 ] 噬魂鬼从宿主身体内部吃掉宿主，同时突然现身。 ', '[喷吐 ] 吐出吸收的英雄，对周围敌人造成伤害。 ']","['天赋1：', '+20 攻击速度', '+200 生命', '天赋2：', '+25 移动速度', '+30 攻击力', '天赋3：', '+50% 撕裂伤口吸血', '20% 闪避', '天赋4：', '+2秒 狂暴持续时间', '+1% 盛宴伤害/吸血']"
黑暗贤者,dark_seer,50.2067,http://cdn.max-c.com/app/dota2/dark_seer@3x.png,556908,108,"['灵魂之戒', '卫士胫甲', '洞察烟斗', '圆盾', '闪烁匕首', '奥术鞋', '赤红甲', '魔杖', '希瓦的守护']","['[真空 ] 黑暗贤者在目标区域制造一个真空环境，将周围的敌方单位吸入，具有打断效果并造成伤害。  tips: 此技能可以打断持续施法。 牵引过程为0.5秒，伤害在牵引后产生。 不能牵引无敌单位。 真空中央附近的树木将会被摧毁。 ', '[离子外壳 ] 将目标用一面尖刺之盾包围起来，对周围的敌人造成伤害。  tips: 每0.1秒造成一次若干伤害。 离子外壳对其作用单位没有伤害。 如果对已经套上离子外壳的单位再次施放，新的离子外壳会取代旧的。 ', '[奔腾 ] 为一个友方目标注入能量，使其在短时间内移动速度爆发，并移除碰撞体积。允许单位突破移动速度上限，并且无法被减速。  tips: 奔腾的单位不受减速影响，除非奔腾效果消失。 ', '[复制之墙 ] 制造一堵扭曲的光墙，对穿过的敌方英雄造成减速，并复制一个其自身的幻象，幻象由黑暗贤者控制，持续到光墙消失，或者被敌人消灭。  可用神杖升级。  tips: 幻象不会产生幻象。 创造1300码长的光墙，光墙垂直于黑暗贤者和目标点的连线。 ']","['天赋1：', '+90 攻击力', '12% 闪避', '天赋2：', '+75 真空范围', '+12 生命恢复', '天赋3：', '+80 离子外壳伤害', '+10 护甲', '天赋4：', '400 范围型奔腾', '平行光墙']"
克林克兹,clinkz,53.5628,http://cdn.max-c.com/app/dota2/clinkz@3x.png,1660256,56,"['动力鞋', '怨灵系带', '阿哈利姆神杖', '黯灭', '紫怨', '魔龙枪', '净魂之刃', '血棘', '黑皇杖']","['[扫射 ] 克林克兹以密集的火力攻击。在短时间内极大提高攻击速度，并且克林克兹可以自动躲避攻击和技能弹道。  tips: 可以躲避技能或远程攻击。 ', '[灼热之箭 ] 让克林克兹的箭矢带有火焰，造成更多伤害。  tips: 灼热之箭能对建筑造成伤害。 伤害直接作为物理伤害加到克林克兹的攻击伤害中。 ', '[骨隐步 ] 使克林克兹能在隐形状态下移动，攻击或使用技能时现形。  可用神杖升级。  tips: 开启后不会打断大多数持续施法类技能和物品。 渐隐时间为0.6秒。 ', '[燃烧之军 ] 召唤一队烈焰骷髅弓手。骷髅弓手不能移动，需要2次英雄攻击才会被击杀。骷髅弓手使用当前灼热之箭技能。基础攻击力为英雄基础攻击力的80 100 120%。攻击距离与英雄相同。 ']","['天赋1：', '+10 力量', '+8 敏捷', '天赋2：', '+15 灼热之箭伤害', '-30秒 燃烧之军冷却', '天赋3：', '+16 生命恢复', '+125 攻击距离', '天赋4：', '灼热之箭齐发', '+4秒 扫射持续时间']"
全能骑士,omniknight,53.0616,http://cdn.max-c.com/app/dota2/omniknight@3x.png,947378,87,"['灵魂之戒', '魔杖', '奥术鞋', '卫士胫甲', '圆盾', '相位鞋', '以太透镜', '洞察烟斗', '阿哈利姆神杖']","['[洗礼 ] 立即治疗一个友方单位，并对周围的敌军造成伤害。 ', '[天国恩赐 ] 创造出一个神圣屏障环绕友军，提升目标的状态抗性，力量和生命恢复。  驱散类型：强驱散  tips: 驱逐的效果与其他技能免疫技能和物品相同，而且不能被净化。 ', '[退化光环 ] 极大程度的减缓附近敌人的移动速度和攻击速度。  tips: 不会作用于技能免疫单位。 ', '[守护天使 ] 全能骑士召唤出守护天使，使附近的友方单位对物理伤害免疫。  可用神杖升级。  tips: 效果无视技能免疫。 可以被驱散。 ']","['天赋1：', '+75 洗礼范围', '+90 金钱/分', '天赋2：', '+90 攻击力', '+35% 经验获取', '天赋3：', '+5 魔法恢复', '-12% 退化光环', '天赋4：', '-8秒 天国恩赐冷却', '+200 洗礼伤害/治疗']"
魅惑魔女,enchantress,50.5104,http://cdn.max-c.com/app/dota2/enchantress@3x.png,1109122,80,"['飓风长戟', '动力鞋', '阿哈利姆神杖', '相位鞋', '魔杖', '魔龙枪', '空灵挂件', '迈达斯之手', '枯萎之石']","['[不可侵犯 ] 魅惑魔女让她的敌人神魂颠倒，受到他们攻击时会降低其攻击速度。  tips: 所有直接攻击魅惑魔女的敌方单位都会被减速。 减速效果在攻击单位产生攻击动作时出现，而不是伤害生效时。 ', '[魅惑 ] 魅惑魔女诱惑一个敌人。如果目标是英雄，其移动速度将会被减缓。如果目标是普通单位，其将会被魅惑魔女控制。如果是对已被控制的普通单位使用，魅惑的持续时间将会被刷新。  驱散类型：弱驱散  tips: 可以转化幻象。 ', '[自然之助 ] 召唤一群小精灵治疗魅惑魔女以及身边的友方单位，持续11秒。  tips: 不会选择满血单位进行治疗。 治疗效果无视技能免疫。 ', '[推进 ] 激活后每次攻击都有附魔效果，根据与目标的距离造成额外伤害。目标越远，伤害越高。  可用神杖升级。  tips: 造成伤害上限的距离是1750码。 计算与目标之间的距离在攻击弹道击中目标时。 ']","['天赋1：', '+20 移动速度', '+15% 魔法抗性', '天赋2：', '+8 自然之助小精灵', '+50 攻击力', '天赋3：', '魅惑可作用远古', '+100 不可侵犯减速', '天赋4：', '+25 自然之助治疗', '+8% 推进伤害']"
哈斯卡,huskar,49.3813,http://cdn.max-c.com/app/dota2/huskar@3x.png,1369181,65,"['护腕', '莫尔迪基安的臂章', '动力鞋', '黑皇杖', '天堂之戟', '吸血面具', '撒旦之邪力', '相位鞋', '刃甲']","['[心炎 ] 在炽烈的狂暴下将附近所有敌人击退至固定距离外，造成伤害和缴械。 ', '[沸血之矛 ] 哈斯卡将其长矛点燃，在普通攻击的同时对敌方单位造成持续伤害。多次攻击会造成持续伤害叠加。每次攻击都将牺牲哈斯卡部分生命值。持续8秒。  tips: 沸血之矛在多次施放到目标身上效果可以叠加。没有叠加上限。 哈斯卡不能使用此技能自杀。 ', '[狂战士之血 ] 哈斯卡的伤痛赐予他力量，根据他损失的生命值将获得攻击速度和生命恢复加成。生命恢复为力量的一定百分比。  tips: 只有当哈斯卡的血量低于最大生命值的10%时才能达到最大加成。 加成效果为线性增加，100%生命时没有加成，10%生命时达到最大加成。 ', '[牺牲 ] 哈斯卡利用自己的生命值来摧毁敌人的生命，跃向范围内的一个目标，以自己的生命为代价对对方造成目标生命值一定比例的伤害和减速。哈斯卡在跳跃过程中对技能免疫。  驱散类型：弱驱散  可用神杖升级。  tips: 如果哈斯卡在跳跃时受到控制技能，或目标在0.015秒内移动1400码以上，跳跃就会停止。 减速效果无视技能免疫。 牺牲无法被躲避。 ']","['天赋1：', '+15 攻击力', '+225 生命', '天赋2：', '20% 吸血', '+10 沸血之矛每秒伤害', '天赋3：', '+400 牺牲施法距离', '+20 力量', '天赋4：', '沸血之矛为纯粹伤害', '+175 攻击距离']"
暗夜魔王,night_stalker,52.6627,http://cdn.max-c.com/app/dota2/night_stalker@3x.png,840326,95,"['相位鞋', '黑皇杖', '魔杖', '魂之灵瓮', '圆盾', '碎颅锤', '炎阳纹章', '阿哈利姆神杖', '护腕']","['[虚空 ] 制造一个伤害性的虚空，对一个敌方单位造成减速及伤害。夜晚时可以造成短暂眩晕，打断持续施法，并且减速持续时间更长。白天时造成半额伤害。  可用神杖升级。 ', '[伤残恐惧 ] 暗夜魔王恐吓附近所有敌人，使他们被沉默。效果在夜晚持续更久。 ', '[暗夜猎影 ] 暗夜魔王在夜晚如鱼得水，攻击和移动都变得迅速。 ', '[黑暗飞升 ] 暗夜魔王遮住太阳，让夜晚立刻降临，使他的力量可以得到最大程度的发挥。在此期间暗夜魔王获得飞行能力和攻击力加成。拥有顺畅视野。 ']","['天赋1：', '+200 魔法', '+200 生命', '天赋2：', '15% 吸血', '+15 力量', '天赋3：', '+50 攻击力', '+40 移动速度', '天赋4：', '-40秒 黑暗飞升冷却', '+140 暗夜猎影攻击速度']"
育母蜘蛛,broodmother,49.6242,http://cdn.max-c.com/app/dota2/broodmother@3x.png,565297,107,"['灵魂之戒', '阿哈利姆神杖', '黑皇杖', '净魂之刃', '勇气勋章', '动力鞋', '紫怨', '压制之刃', '黯灭']","['[孵化蜘蛛 ] 育母蜘蛛将她的卵注入敌人体内，造成伤害。如果目标在感染期间被击杀，卵会孵化成小蜘蛛。  tips: 如果目标在受到此技能后2秒内被杀死，小蜘蛛就会孵化。 被小蜘蛛击杀的单位将孵化寄生蜘蛛，寄生蜘蛛的血量和攻击力比小蜘蛛低。 ', '[织网 ] 编织出一张蜘蛛网，育母蜘蛛在蛛网里获得无视地形移动的能力，同时提高生命恢复和移动速度。织网的能量点数每45.0秒恢复1点。织网现在可向其他蛛网触及的区域全屏释放。蛛网永久存在，不过可以手动摧毁。当其数量超过上限，最早的蛛网将会消失。  可用神杖升级。  tips: 蛛网对小蜘蛛和寄生蜘蛛也有效。 失去自由移动状态时将摧毁周围树木。 ', '[麻痹之咬 ] 育母蜘蛛用毒液削弱敌方单位，使她的攻击带有减速效果，中毒单位的攻击有一定概率落空。  tips: 攻击落空几率与闪避和上下坡丢失叠加。 ', '[极度饥渴 ] 对活物体液的强烈饥渴提高了育母蜘蛛的攻击力，并使她的攻击附带吸血效果。  tips: 与其他吸血效果完全叠加。 ']","['天赋1：', '+200 生命', '+125 孵化蜘蛛伤害', '天赋2：', '+20 敏捷', '20% 冷却时间减少', '天赋3：', '+50 攻击速度', '+30 小蜘蛛攻击力', '天赋4：', '+450 小蜘蛛生命', '+60 极度饥渴攻击力/吸血']"
赏金猎人,bounty_hunter,50.8125,http://cdn.max-c.com/app/dota2/bounty_hunter@3x.png,2801878,25,"['相位鞋', '黯灭', '魔杖', '黑皇杖', '淬毒之珠', '炎阳纹章', '弗拉迪米尔的祭品', '韧鼓', '散夜对剑']","['[投掷飞镖 ] 向一名敌方单位掷出一枚致命的飞镖，对目标造成伤害和短暂眩晕。只要作用目标周围1200范围内存在被追踪术标记的单位，飞镖就能向其弹射。  可用神杖升级。  tips: 此技能可以打断持续施法。 ', '[忍术 ] 赏金猎人准备好他的下次攻击，获得额外攻击力并窃取若干不可靠金钱。 ', '[暗影步 ] 赏金猎人进入隐身，并能够穿越其它单位，直到他攻击或使用技能。破隐一击会减缓目标的移动速度。  tips: 开启后不会打断大多数持续施法技能。 额外伤害与攻击力分开计算，并且不在忍术的计算内。 ', '[追踪术 ] 追踪一个敌方英雄，获得目标的真实视域，以及目标当前携带的金钱数额。自己在被追踪者周围可以获得移动速度提升，对其发动攻击时具有致命一击效果。如果目标在被追踪期间死亡，赏金猎人和附近友方英雄都将获得一笔赏金。施放追踪术不会脱离隐身。  tips: 只要目标在追踪术期间以任何方式死亡，赏金猎人都能获得额外黄金。 追踪术效果仅对友方单位可见。 目标死亡时从追踪术获得速度加成的队友将获得额外金钱。 额外金钱为可靠金钱。 ']","['天赋1：', '+25% 经验获取', '+20 移动速度', '天赋2：', '+350 生命', '+50 攻击速度', '天赋3：', '+90 忍术窃取金钱', '+125 投掷飞镖伤害', '天赋4：', '+300 追踪术金钱', '50% 闪避']"
编织者,weaver,48.6408,http://cdn.max-c.com/app/dota2/weaver@3x.png,1519847,59,"['动力鞋', '怨灵系带', '林肯法球', '黯灭', '净魂之刃', '魔杖', '漩涡', '金箍棒', '黑皇杖']","['[虫群 ] 编织者放出12只编织者幼虫，每只幼虫都会紧紧缠住它遇到的敌人，攻击敌人并削弱他们的护甲，直到幼虫被杀死。  tips: 甲虫抓住目标后将一直留在目标身上，除非甲虫被击杀或持续时间结束。 甲虫免疫技能，需要英雄的4次伤害或其他单位的8次伤害才能被击杀。 甲虫提供321/321的白昼/夜晚视野，除非目标进入隐身状态。 ', '[缩地 ] 编织者进入隐身，移动速度达到极限，并且能穿行肉体，在穿过敌方单位时还将造成伤害。  tips: 每次施放的技能只能对相同单位造成一次伤害。 ', '[连击 ] 允许编织者立刻发动两次攻击。  tips: 第二次攻击将在编织者第一次攻击的0.25秒后发出，并且没有距离限制。 ', '[时光倒流 ] 编织者回到五秒前的时间点，获得当时的生命值和魔法值。不影响冷却时间、金钱和经验。  可用神杖升级。  驱散类型：强驱散  tips: 能够移除编织者身上大部分的负面状态。 时光倒流可以躲避攻击和技能弹道。 ']","['天赋1：', '+35% 经验获取', '+75 缩地伤害', '天赋2：', '+14 力量', '+20 法力损毁', '天赋3：', '+2 虫群可被攻击次数', '+0.5 虫群削弱护甲', '天赋4：', '+1 连击', '+200 缩地移动速度']"
杰奇洛,jakiro,52.2443,http://cdn.max-c.com/app/dota2/jakiro@3x.png,1784176,54,"['奥术鞋', '魔杖', 'Eul的神圣法杖', '原力法杖', '阿托斯之棍', '侦查·岗哨守卫', '静谧之鞋', '微光披风', '卫士胫甲']","['[冰火交加 ] 杰奇洛对面前的敌人先后喷出寒冰和火焰。寒冰吐息减速敌人，火焰吐息对敌人造成持续伤害。  tips: 最远能伤害距离1025码的单位。 两次吐息有0.3秒的间隔。 ', '[冰封路径 ] 在杰奇洛前方制造一条冰封路径，对触及到的敌人造成伤害并眩晕。  tips: 路径完全成形需要0.5秒。 ', '[液态火 ] 杰奇洛的火焰燃烧效果范围内的敌人，并降低他们的攻击速度。  tips: 对单位和建筑都有效。 ', '[烈焰焚身 ] 杰奇洛释放出烈焰风暴，烈焰风暴作用范围很宽，并持续数秒。烈焰风暴每秒都会对作用范围内的敌人造成伤害。  可用神杖升级。  tips: 烈焰焚身将摧毁路径内的树木。 ']","['天赋1：', '+8% 技能增强', '+300 攻击距离', '天赋2：', '+40 冰火交加烧灼伤害', '+40% 经验获取', '天赋3：', '+150 金钱/分', '-60 液态火降低攻击速度', '天赋4：', '+1.25秒 冰封路径持续时间', '烈焰焚身为纯粹且无视技能免疫']"
蝙蝠骑士,batrider,43.9069,http://cdn.max-c.com/app/dota2/batrider@3x.png,540173,110,"['闪烁匕首', '原力法杖', '静谧之鞋', '魔杖', '韧鼓', '远行鞋', 'Eul的神圣法杖', '黑皇杖', '显影之尘']","['[粘性燃油 ] 用粘性油浸透一块区域，蝙蝠骑士的攻击和技能对区域内的敌人造成额外伤害，并降低他们的移动速度和转身速率。再次施法可以继续提高伤害，最多叠加10次。普通单位受到的额外伤害减半。  tips: 所有来自蝙蝠骑士的伤害均会加深，辉耀，淬毒之珠和影之灵龛除外。 ', '[烈焰破击 ] 投掷一瓶爆炸性的混合物，到达目标地点时爆炸，击退区域内的敌人并造成持续伤害。 ', '[火焰飞行 ] 蝙蝠骑士飞向天空，从空中留下一道燃烧的尾迹。飞行时，燃烧尾迹会破坏树木，对经过的敌人造成伤害，蝙蝠骑士获得无视地形的视野和移动能力。  tips: 火焰飞行期间蝙蝠骑士可以飞越任何单位，树木和不可通行的地形。 如果蝙蝠骑士在持续时间结束时正好在不可通行的地形上方，那么他将会卡住。 蝙蝠骑士死亡后火焰效果将继续存在。 ', '[燃烧枷锁 ] 用枷锁捆住一个敌人，在蝙蝠骑士的后面拖行。无法被拖过不能通行的地形。被拖行的单位不能移动、攻击或使用技能。传送或闪烁会打破枷锁。  可用神杖升级。  tips: 杀死目标或蝙蝠骑士都能在技能结束前打破枷锁。 如果蝙蝠骑士在0.05秒内移动距离超过400码枷锁将会断裂。 枷锁效果无视技能免疫。 蝙蝠骑士在使用燃烧枷锁时不能攻击。 ']","['天赋1：', '+5 护甲', '+6% 技能增强', '天赋2：', '+300 生命', '+2秒 烈焰破击烧灼', '天赋3：', '+40 移动速度', '15% 冷却时间减少', '天赋4：', '-13秒 烈焰破击冷却', '+8秒 火焰飞行持续时间']"
陈,chen,48.589,http://cdn.max-c.com/app/dota2/chen@3x.png,191006,117,"['弗拉迪米尔的祭品', '奥术鞋', '卫士胫甲', '梅肯斯姆', '勇气勋章', '速度之靴', '侦查·岗哨守卫', '魔杖', '王者之戒']","['[赎罪 ] 迫使一个敌方单位移动变慢，友军攻击他时攻速提升。 ', '[神圣劝化 ] 陈控制住敌方小兵或者中立生物。若被劝化的目标拥有的生命值低于最小生命值，其生命值将会提升到最小生命值。被劝化的目标移动速度和攻击力将得到提升。  可用神杖升级。  tips: 如果达到劝化生物的数量上限后再劝化生物，最早劝化的单位将立即死亡。 装备阿哈利姆神杖后才能对远古中立生物施放本技能。 升级此技能后在升级前劝化的单位并不会增加生命值。 劝化时单位的魔法恢复至满魔。 ', '[神力恩泽 ] 光环提供生命恢复加成，并且所有生命回复效果增强一定百分比。  可对友军施放，将其传送到陈身边。对陈自身施放则陈控制的所有神圣劝化单位都会传送到他身边。若目标受到伤害将导致效果被驱散。 ', '[上帝之手 ] 治疗地图上的所有友军英雄以及陈控制的所有单位。  tips: 可以治疗无敌和被隐藏/放逐友军。 ']","['天赋1：', '+200 施法距离', '+30% 经验获取', '天赋2：', '+20 神圣劝化攻击力', '-30秒 神力恩泽冷却', '天赋3：', '+1000 神圣劝化最低生命', '+180 金钱/分', '天赋4：', '+350 上帝之手治疗', '+5 神圣劝化单位上限']"
幽鬼,spectre,54.108,http://cdn.max-c.com/app/dota2/spectre@3x.png,1876605,49,"['辉耀', '幻影斧', '相位鞋', '刃甲', '动力鞋', '恐鳌之心', '净魂之刃', '先锋盾', '魔杖']","['[幽鬼之刃 ] 幽鬼掷出一把匕首，留下一条暗影之径，对路径上的敌人造成伤害并降低其移动速度。被匕首击中的单位移动时也会留下暗影之径。幽鬼在暗影之径上可以无视地形移动。  tips: 在离开暗影之径后2秒内碰撞体积依然为0，作为缓冲时间。 ', '[荒芜 ] 当敌人落单时，幽鬼的攻击对他们造成额外伤害。敌人的视野将有所减少，持续5.0秒。  tips: 伤害在幽鬼攻击前产生。 幽鬼的幻象继承荒芜。 ', '[折射 ] 幽鬼将受到的伤害折射给敌人，降低她受到的伤害。距离越远，效果越小。  tips: 幽鬼本身不承受被折射的伤害。 幻象并不继承此技能。 伤害在减免前折射，并且折射的伤害与原伤害类型相同。 ', '[空降 ] 幽鬼与选中的鬼影交换位置。 ', '[如影随形 ] 对单个目标单位施放鬼影重重。 ', '[鬼影重重 ] 短暂延迟后，在每个敌方英雄身后创造一个复仇鬼影攻击他们。在技能持续期间内幽鬼可以使用空降将她和任一鬼影互换位置。  鬼影无法控制，受到额外伤害，造成的伤害低于幽鬼本体。鬼影的基础移动速度为400，移动无视地形。  可用神杖升级。  tips: 鬼影重重的幻象无法自行控制，基础移动速度为400。 幻象经过1秒延迟后开始攻击目标。 ']","['天赋1：', '+5 全属性', '+6 生命恢复', '天赋2：', '-10秒 幽鬼之刃冷却', '+15 荒芜伤害', '天赋3：', '+18% 幽鬼之刃减速/加速', '+500 生命', '天赋4：', '+6% 折射', '+40% 鬼影重重幻象攻击力']"
远古冰魄,ancient_apparition,52.6032,http://cdn.max-c.com/app/dota2/ancient_apparition@3x.png,2030941,44,"['阿哈利姆神杖', '静谧之鞋', 'Eul的神圣法杖', '魔杖', '奥术鞋', '阿托斯之棍', '侦查·岗哨守卫', '原力法杖', '微光披风']","['[寒霜之足 ] 在一个敌方单位身上施放造成持续伤害的寒冰咒印，但对象只要远离施法点足够距离即可消除咒印。如果受攻击单位没有在4秒内走出消除距离，则将被眩晕并冻在原地。  tips: 每级可能造成的最大伤害：120/200/280/360。 每1秒造成一次伤害。 ', '[冰霜漩涡 ] 创造一个寒冰能量的漩涡，降低范围内敌人的移动速度，增加他们受到的魔法伤害。  tips: 使远古冰魄在作用范围内获得相应移动速度加成。 不会作用于技能免疫状态下的单位。 ', '[极寒之触 ] 使自己的普通攻击附带高额魔法伤害和减速效果。本次攻击的攻击距离得到提升。  tips: 额外伤害与普通攻击造成的伤害分开计算。 只对英雄和小兵有效。 ', '[冰晶爆轰 ] 向地图的任意位置发出爆炸冰球，在冰球飞行时再次施放此技能将使其停下，使所在区域产生毁灭性的冰爆。冰球飞行的距离越长，冰爆影响的范围也将越大。冰爆范围内的所有敌方单位将马上受到大量伤害，而处于冰球飞行路径上的敌方英雄将与冰爆范围内的敌方英雄一同受到寒霜诅咒的作用，持续受到小幅伤害，同时无法恢复生命值。在此期间如果生命值低于一定百分比，该英雄将立刻死亡。  可用神杖升级。  tips: 作用范围的大小是275+50*指向球的飞行时间，上限为1000。对沿途路径上的单位施加寒霜诅咒的作用范围是275。 击杀目标的英雄由触发即死的伤害来源决定。 斩杀效果对幻象无效。 生命冻结将阻止包括泉水在内的大部分回复效果。 寒霜诅咒的负面状态无法被驱散。 ', '[释放 ] 在它当前的位置放出冰晶爆轰。 ']","['天赋1：', '+10% 技能增强', '+90 金钱/分', '天赋2：', '+20 生命恢复', '-2.5秒 冰霜漩涡冷却', '天赋3：', '+80 极寒之触伤害', '+8% 冰霜漩涡减速/伤害加深', '天赋4：', '+5% 冰晶爆轰斩杀上限', '625 范围型寒霜之足']"
末日使者,doom_bringer,47.1007,http://cdn.max-c.com/app/dota2/doom_bringer@3x.png,1320722,68,"['相位鞋', '韧鼓', '闪烁匕首', '黑皇杖', '希瓦的守护', '迈达斯之手', '魔杖', '影刃', '圆盾']","['[吞噬 ] 消化一个敌军或中立生物，获得其特殊技能。  tips: 末日使者将获得该生物的正常金钱，还有技能的额外金钱。 吞噬后消化的时间由该单位的当前生命值决定。 末日使者在正常情况下不能吞噬远古单位。 如果吞噬的单位没有技能，之前获得的技能将会保留。 ', '[焦土 ] 用火焰覆盖周围的土地，对敌人造成伤害，同时其移动速度得到提升。  tips: 焦土会跟随末日使者，以他所在位置为中心。 末日使者控制的其他单位也能享受焦土的加成。 ', '[阎刃 ] 末日挥舞他的炽烈之剑，将敌人点燃。造成0.6秒眩晕，并施加一个燃烧效果，持续4.0秒，每秒造成25 + 1.25 2.5 3.75 5%目标最大生命值的伤害。  tips: 可以打断持续施法类技能。 ', '[末日 ] 对敌人施加末日诅咒，使其无法施放技能或使用物品，同时造成持续伤害。  可用神杖升级。  驱散类型：弱驱散  tips: 受到末日作用的单位在生命值低于25%时可以被反补。 ']","['天赋1：', '+16% 焦土移动速度', '+20 焦土伤害', '天赋2：', '+150 吞噬额外金钱', '20% 闪避', '天赋3：', '吞噬可作用远古', '+40 末日每秒伤害', '天赋4：', '+175% 分裂', '+3% 阎刃伤害']"
熊战士,ursa,51.2939,http://cdn.max-c.com/app/dota2/ursa@3x.png,1970558,46,"['相位鞋', '闪烁匕首', '黑皇杖', '碎颅锤', '弗拉迪米尔的祭品', '吸血面具', '深渊之刃', '金箍棒', '圆盾']","['[震撼大地 ] 乌尔萨猛击地面带来强烈的冲击，对附近范围内的所有敌方单位造成伤害并减速4秒。 ', '[超强力量 ] 乌尔萨的战斗技巧提升他接下来几次攻击的攻击速度。  tips: 开启黑皇杖并不会移除超强力量。 ', '[怒意狂击 ] 熊战士的利爪深深地撕裂敌人的伤口，对同一敌人连续攻击将造成更多伤害。如果同一个目标在8 12 16 20秒内不受攻击，将失去额外伤害加成。 ', '[激怒 ] 乌尔萨进入狂怒状态，怒意狂击的额外伤害将增加数倍，并且承受的伤害减少80%。施放时将移除所受的负面效果。  可用神杖升级。  驱散类型：强驱散 ']","['天赋1：', '+8 力量', '+3 魔法恢复', '天赋2：', '+25秒 怒意狂击重置时间', '+14 敏捷', '天赋3：', '+16 怒意狂击伤害', '+1.5秒 激怒持续时间', '天赋4：', '激怒获得80%状态抗性', '+600 震撼大地范围']"
裂魂人,spirit_breaker,50.6544,http://cdn.max-c.com/app/dota2/spirit_breaker@3x.png,3091698,20,"['动力鞋', '刃甲', '魂之灵瓮', '魔杖', '回音战刃', '圆盾', '影之灵龛', '显影之尘', '相位鞋']","['[暗影冲刺 ] 裂魂人盯紧一个敌方单位，开始无视一切物体的冲刺。途中经过的所有敌方单位和目标单位都将受到巨力重击。如果目标单位在到达前死亡了，裂魂人将他的目标改为原路径上最近的一个敌方单位。  tips: 裂魂人在冲刺过程中能穿过树木，悬崖和任何单位。 冲刺指示特效仅对队友可见。 裂魂人将获得并共享目标的视野。 ', '[威吓 ] 裂魂人获得移动速度和状态抗性加成，在敌人之间横冲直撞。可以在冲刺期间使用。 ', '[巨力重击 ] 攻击时有一定概率眩晕并击退敌方单位。重击的伤害值为移动速度的一定百分比。  tips: 不与碎颅锤叠加。 ', '[幽冥一击 ] 裂魂人遁入幽冥领域，从不幸的目标身旁再次出现，发动当前等级的巨力重击并造成额外伤害。击退距离为平常的两倍。  可用神杖升级。  tips: 裂魂人将在目标身后出现并发动巨力重击。 ']","['天赋1：', '+5 护甲', '+600 夜间视野', '天赋2：', '+40 攻击力', '+12 生命恢复', '天赋3：', '-7秒 威吓冷却', '+15% 巨力重击伤害', '天赋4：', '+800 生命', '+25% 巨力重击几率']"
矮人直升机,gyrocopter,47.4458,http://cdn.max-c.com/app/dota2/gyrocopter@3x.png,787169,99,"['相位鞋', '黑皇杖', '怨灵系带', '散夜对剑', '漩涡', '金箍棒', '阿哈利姆神杖', '魔杖', '蝴蝶']","['[火箭弹幕 ] 向矮人直升机周围一定范围内的敌方单位齐射导弹。持续3秒。  tips: 火箭弹幕不能伤害矮人直升机视野之外的单位。 ', '[追踪导弹 ] 发射一枚会自动定位目标单位的追踪导弹。导弹发射后持续增加飞行速度，击中目标时造成伤害及眩晕。敌方单位可在导弹接近前将其击落。  tips: 防御塔对导弹造成半额伤害。 准星效果仅对队友可见。 导弹会跟随并击中隐身单位。 ', '[高射火炮 ] 矮人直升机的攻击会击中目标周围一定范围内的所有敌人，持续一定次数的攻击。只有主要目标会受到致命一击等攻击特效。持续15秒或攻击次数用完。  tips: 对主目标的攻击射程没有改变。 ', '[召唤飞弹 ] 召唤导弹从空中打击目标区域内的敌方单位。两发导弹先后到达，第一发造成大量伤害和小幅减速，减速持续2秒；第二发造成少量伤害和大幅减速，减速持续4秒。  可用神杖升级。  tips: 视觉指示范围仅对队友可见。 ']","['天赋1：', '+250 生命', '+20 攻击力', '天赋2：', '+11 火箭弹幕伤害', '+0.5秒 追踪导弹眩晕', '天赋3：', '-25秒 召唤飞弹冷却', '+40 移动速度', '天赋4：', '全屏召唤飞弹', '3 追踪导弹能量点数']"
炼金术士,alchemist,49.0876,http://cdn.max-c.com/app/dota2/alchemist@3x.png,1914193,48,"['辉耀', '远行鞋', '幻影斧', '黑皇杖', '强袭胸甲', '闪烁匕首', '玲珑心', '深渊之刃', '雷神之锤']","['[酸性喷雾 ] 向目标区域喷洒高压酸雾。穿过受污染地带的敌人每秒会受到物理伤害，同时护甲被削弱。 ', '[不稳定化合物 ] 炼金术士调制一瓶不稳定的化合物，投向敌方英雄，对爆炸点周边范围的单位造成伤害并眩晕。调制的时间越久，伤害越大，眩晕时间也越长。调制5秒后达到最大伤害量和最长眩晕时间。然而，如果5.5秒后还不扔出去的话，则会在炼金术士自己手中爆炸。  tips: 炼金术士在摇制期间可以像平常一样移动和攻击。 炼金术士的头顶会有倒计时，提示剩余的摇制时间。倒计时对敌人可见。 可以用此技能将自己反补。 不稳定化合物无法被躲避。 一旦向目标抛出，不稳定化合物的调制过程就会中止。 ', '[贪魔的贪婪 ] 炼金术士将敌人的尸体和赏金神符转化成额外的金币。炼金术士每杀死一个单位，就能获得基础额外金钱和附加额外金钱。如果炼金术士在接下来40秒内又杀死了一个单位，获得了黄金，那么他所获得的附加额外金钱将有一定幅度的增加。另外，赏金神符将提供成倍金钱。 ', '[化学狂暴 ] 炼金术士诱发他的食人魔同伴进入化学狂暴，降低攻击间隔，提高移动速度和回复能力。  驱散类型：弱驱散  tips: 拥有0.35秒的变身时间，可以用来躲避攻击和技能弹道以及眩晕技能。 ', '[投掷不稳定化合物 ] 在爆炸前扔出去！ ']","['天赋1：', '-7秒 不稳定化合物冷却', '+25 攻击速度', '天赋2：', '+50 攻击力', '+400 生命', '天赋3：', '+400 不稳定化合物伤害', '+40% 分裂', '天赋4：', '+30 化学狂暴恢复', '-0.2 化学狂暴基础攻击间隔']"
祈求者,invoker,48.7408,http://cdn.max-c.com/app/dota2/invoker@3x.png,5097225,5,"['阿哈利姆神杖', '空灵挂件', '迈达斯之手', '远行鞋', '闪烁匕首', '黑皇杖', 'Eul的神圣法杖', '林肯法球', '速度之靴']","['[冰 ] 允许祈求者掌控冰元素。每一点冰元素都将提供生命恢复速度加成。  tips: 祈求者最多只有3个球。 ', '[雷 ] 允许祈求者掌控雷元素。每一点雷元素均提供攻击速度和移动速度加成。  tips: 祈求者最多只有3个球。 ', '[火 ] 允许祈求者掌控火元素。每一点火元素提升一定的攻击力。  tips: 祈求者最多只有3个球。 ', '[元素祈唤 ] 将当前掌握的元素精华融合，创造出新的法术供祈求者施放。点击帮助按钮可查看所有可用法术。  可用神杖升级。  tips: 生成的技能与三个球的排列顺序无关。 只是交换现有技能的位置并不会消耗魔法，也不会触发元素祈唤的冷却。 ', '[急速冷却 ] 祈求者将敌人的热量抽空，将其降到绝对零度，持续时间取决于冰元素等级。敌人将伤害并被短暂冻结，后续攻击同样会使敌人冻结并造成额外伤害。被冻结的频率固定，但是技能的冷却时间将会随着冰元素等级提高而缩短。  tips: 只有10点以上的实际伤害才能触发急速冷却。 ', '[幽灵漫步 ] 祈求者操纵冰雷之力围绕自身，使自己隐形。元素的组合会造成附近敌人的减速，减速效果取决于冰元素的等级，并使祈求者自身移动速度减缓，减速效果与雷元素等级成反比。  tips: 减速效果对技能免疫状态下的单位无效。 ', '[强袭飓风 ] 释放出一道快速移动的飓风，将路径上的敌方单位卷起，使其在空中无助的漂浮一段时间，然后落地受死。最大距离取决于雷元素等级。吹起时间取决于冰元素等级。落地伤害取决于雷元素的等级。  驱散类型：弱驱散  tips: 被强袭飓风吹起时单位处于无敌状态，落地时受到伤害。 ', '[电磁脉冲 ] 祈求者在指定位置召唤出一道强力的自爆电磁脉冲，2.9秒后将自动爆炸。爆炸将覆盖一定区域，并根据雷元素的等级损毁敌方的魔法值。对敌方英雄造成损毁魔法值一定百分比的伤害。祈求者将获得50%损毁的魔法。  tips: 对被吹起的单位（强袭飓风或Eul的神圣法杖）无效。 ', '[灵动迅捷 ] 祈求者给友方单位灌注强大的能量，提高其攻击速度和伤害。攻击速度提升程度取决于雷元素等级，攻击力提升取决于火元素等级。 ', '[混沌陨石 ] 祈求者从太空中召唤一枚燃烧的流星打击指定位置。流星着陆后会向前滚动一段距离，每隔一段时间撞击一次作用范围内的敌人，造成基于火元素等级的撞击伤害，滚动距离取决于雷元素的等级。每被撞击一次都将持续受到烧灼伤害，烧灼伤害取决于火元素的等级。  tips: 每个敌方单位受到撞击伤害的间隔为0.5秒，后续较低的烧灼伤害持续3秒。 陨石移动的速度为300。 ', '[阳炎冲击 ] 向目标区域释放毁灭性的阳炎之光能量，一旦能量着陆，将对区域内的敌人进行灼烧。伤害取决于火元素等级，区域内敌人将平摊所有伤害。  tips: 施放后立即获得目标区域的视野。 祈求者使用阳炎冲击击杀英雄后，即使不在经验范围内也能获得经验。 ', '[熔炉精灵 ] 祈求者融合火之灼热和冰之坚毅，创造出熔炉精灵。熔炉精灵的攻击力、魔法值以及护甲取决于火元素的等级，攻击距离、持续时间和生命值取决于冰元素的等级。元素的灼热攻击能够熔化敌方英雄的护甲。  tips: 施放此技能后原有的熔炉精灵将会死亡。 ', '[寒冰之墙 ] 在祈求者前方创造一堵寒冰之墙，持续时间取决于冰元素的等级。冰霜之墙放射出的寒冰之气将对敌方单位造成减速和伤害，减速效果取决于冰元素的等级，每秒伤害取决于火元素的等级。  tips: 如果敌人在受到寒冰之墙作用后获得技能免疫状态，那么减速效果对其依然有效。 ', '[超震声波 ] 祈求者在自己前方释放出超强的声波，对所有敌方单位造成伤害，伤害量取决于火元素的等级。声波的绝对冲击能够将敌方单位击退，击退时间取决于冰元素的等级，同时让他们无法进行攻击，禁止攻击时间取决于雷元素的等级。 ']","['天赋1：', '+40 混沌陨石撞击伤害', '-30秒 幽灵漫步冷却', '天赋2：', '-15秒 急速冷却冷却', '+1 熔炉精灵召唤数量', '天赋3：', '+50 灵动迅捷攻击力/攻速', '毁天灭地', '天赋4：', '-16秒 强袭飓风冷却', '环形超震声波']"
沉默术士,silencer,52.8178,http://cdn.max-c.com/app/dota2/silencer@3x.png,2500714,32,"['空灵挂件', '动力鞋', '飓风长戟', '魔杖', '阿托斯之棍', '原力法杖', '静谧之鞋', '迈达斯之手', '邪恶镰刀']","['[奥术诅咒 ] 诅咒目标区域，其中的敌方英雄会持续受到伤害，并且移动速度被减缓。期间受到作用的英雄一旦施放魔法，持续时间就会延长。  tips: 奥术诅咒作用下的敌方英雄被沉默时，奥术诅咒效果暂停，不造成伤害和减速，也不减少持续时间。 非英雄单位也会受到作用。 ', '[智慧之刃 ] 沉默术士用他的智慧强化刀刃，造成基于他智力值的额外伤害。  可用神杖升级。 ', '[遗言 ] 向目标施加魔咒，只要目标施放技能或者魔咒消失。目标就会受到伤害并被沉默。  tips: 持续施法类技能在英雄结束施法后触发此技能的效果。 ', '[全领域静默 ] 沉默术士停止一切声音，阻止地图上所有敌方英雄和单位施法。  tips: 沉默效果对隐身和技能免疫单位有效，但是期间获得技能免疫状态将移除该效果。 ']","['天赋1：', '+25 攻击速度', '+6 护甲', '天赋2：', '+2 智力窃取', '+120 金钱/分', '天赋3：', '+30 奥术诅咒伤害', '+125 攻击距离', '天赋4：', '+2秒 全领域静默持续时间', '+20% 智慧之刃伤害']"
殁境神蚀者,obsidian_destroyer,45.9617,http://cdn.max-c.com/app/dota2/obsidian_destroyer@3x.png,1121459,79,"['空灵挂件', '动力鞋', '黑皇杖', '闪烁匕首', '邪恶镰刀', '慧夜对剑', '飓风长戟', '迈达斯之手', '慧光']","['[奥术天球 ] 在殁境神蚀者的攻击中附带基于他剩余魔法值的额外纯粹伤害。攻击敌方英雄时每次攻击都可以窃取智力，持续80秒。奥术天球的伤害可以在小范围内溅射。  tips: 根据使用此技能后的魔法值计算附加伤害。 ', '[星体禁锢 ] 将一个目标友方或敌方英雄禁锢在星体中。被禁锢的英雄处于无敌和无法行动状态。禁锢结束时，对目标和周围400范围内敌人造成伤害。  可用神杖升级。  tips: 被禁锢的单位将会在小地图上不可见，并且处于无敌状态。 被禁锢的单位依然能受到神智之蚀的作用。 ', '[衡势 ] 根据造成的伤害被动提供11 18 25 32%吸魔。开启后自身造成技能伤害时可以减缓敌人的移动速度，并且吸魔效果为三倍。 ', '[神智之蚀 ] 释放出一道神智冲击波，受作用英雄将损失最大魔法值的30%，并且还将受到伤害，伤害数值取决于英雄与殁境神蚀者的智力之差。如果有敌方英雄的智力等于或高于殁境神蚀者，那神智之蚀不会对其造成伤害。神智之蚀可以影响星体禁锢中的单位。 ']","['天赋1：', '+20 攻击速度', '+250 生命', '天赋2：', '+6 护甲', '+350 魔法', '天赋3：', '+2 神智之蚀伤害系数', '+20 力量', '天赋4：', '15% 技能吸血', '+60秒 奥术天球智力窃取']"
狼人,lycan,46.9869,http://cdn.max-c.com/app/dota2/lycan@3x.png,304106,115,"['死灵书', '支配头盔', '动力鞋', '圆盾', '压制之刃', '弗拉迪米尔的祭品', '黑皇杖', '强袭胸甲', '黯灭']","['[召狼 ] 召唤两头狼为狼人而战。等级3-4的狼拥有致残技能，等级4的狼还拥有永久隐身技能。  可用神杖升级。  tips: 如果在嗥叫的持续时间内召狼，他们也会有嗥叫效果，直到嗥叫持续时间结束。 精灵狼拥有80%%的魔法抗性。 使用此技能后原来的精灵狼将会死亡。 ', '[嗥叫 ] 给予狼人、所有友方英雄及所有玩家控制的单位攻击速度、护甲和生命恢复加成。 ', '[野性驱使 ] 提升狼人和所有他控制的单位的生命恢复和攻击力。 ', '[变身 ] 狼人展现出他的凶狼形态，提升夜间视野，并获得致命一击的能力。在变形持续时间中，狼人和他控制的所有单位达到超高移动速度，并且不能被减速，每次攻击有40%的几率造成150 175 200%的致命一击伤害。  tips: 狼人的移动速度不会受到妖术的影响。 变狼后狼人的碰撞体积减小。 ']","['天赋1：', '+20 攻击力', '+5 护甲', '天赋2：', '12% 冷却时间减少', '+13 野性驱使生命恢复', '天赋3：', '+18% 野性驱使攻击力', '+8秒 变身持续时间', '天赋4：', '+3 召狼数量', '+40% 变身致命一击概率']"
酒仙,brewmaster,49.165,http://cdn.max-c.com/app/dota2/brewmaster@3x.png,367286,112,"['相位鞋', '闪烁匕首', '弗拉迪米尔的祭品', '魔杖', '辉耀', '黑皇杖', '圆盾', '强袭胸甲', '护腕']","['[雷霆一击 ] 猛击地面，造成伤害并降低附近敌方地面单位的移动速度和攻击速度。 ', '[余烬佳酿 ] 将烈酒洒向一片区域，使敌方单位有几率攻击自身，并且受到的技能伤害超过80点时就会燃烧。点燃时持续时间将会刷新。 ', '[醉拳 ] 进入醉拳状态，拥有一定概率闪避攻击并能造成致命一击。自身移动速度将持续变化，从--20%到40%。持续5秒。  tips: 与其他闪避效果为非线性叠加。 与其他闪避效果为非线性叠加。 ', '[元素分离 ] 酒仙分裂成元素，产生3个各有所长的战士，生存能力极强。只要其中任何一个在召唤时间结束后存活下来，酒仙就能重生。  可用神杖升级。  tips: 大地战士将继承酒仙的所有光环，以及真视宝石的真视效果。 烈火战士拥有相位移动的能力。 技能结束后，酒仙会根据大地→狂风→烈火的顺序选择未阵亡的元素重生。 ']","['天赋1：', '+200 生命', '+15 攻击力', '天赋2：', '+20% 魔法抗性', '+3秒 雷霆一击减速', '天赋3：', '+100 攻击速度', '+1500 元素分离单位生命', '天赋4：', '+175% 醉拳致命一击伤害', '-65秒 元素分离冷却']"
暗影恶魔,shadow_demon,46.8636,http://cdn.max-c.com/app/dota2/shadow_demon@3x.png,765649,102,"['以太透镜', '奥术鞋', '魔杖', '原力法杖', '微光披风', '静谧之鞋', '侦查·岗哨守卫', 'Eul的神圣法杖', '速度之靴']","['[崩裂禁锢 ] 将目标单位从战场上放逐，在持续时间内将其移除。回归时创造2个该单位的幻象，受暗影恶魔控制。 ', '[灵魂猎手 ] 俘获区域内所有敌方单位的灵魂，使其损失当前生命值的一定百分比。负面效果被移除后将重获一半损失的生命。崩裂禁锢作用下的单位也能受到灵魂猎手影响。 ', '[暗影剧毒 ] 在一条直线上造成伤害，并以毒咒折磨敌方单位。根据目标身上的叠加层数，毒咒造成1/2/4/8/16倍的叠加伤害，至多5层。更多层的叠加每层造成50点伤害。这部分延缓的伤害在暗影毒的持续时间结束后生效，或者你可以使用附属技能释放立刻造成伤害。  tips: 暗影剧毒可以作用处于崩裂禁锢的单位。 ', '[释放暗影毒 ] 释放毒咒对所有受影响的单位造成伤害。崩裂禁锢中的单位依然可以受到暗影毒的影响。 ', '[邪恶净化 ] 净化目标敌方单位，移除增益魔法效果，并使目标在持续时间内减速。伤害在持续时间结束时计算，在此之前目标单位的移动速度缓慢地恢复。崩裂禁锢中的单位依然可以受到邪恶净化的影响。  可用神杖升级。  驱散类型：弱驱散  tips: 邪恶净化效果无视技能免疫。 ']","['天赋1：', '+30% 经验获取', '灵魂猎手目标死亡产生幻象', '天赋2：', '+25% 暗影剧毒伤害', '+30 移动速度', '天赋3：', '-1.5秒 暗影剧毒冷却', '-6秒 灵魂猎手冷却', '天赋4：', '2 崩裂禁锢能量点数', '+500 邪恶净化伤害']"
德鲁伊,lone_druid,41.4524,http://cdn.max-c.com/app/dota2/lone_druid@3x.png,319977,114,"['速度之靴', '阿哈利姆神杖', '静谧之鞋', '怨灵系带', '迈达斯之手', '动力鞋', '相位鞋', '圆盾', '漩涡']","['[熊灵伙伴 ] 召唤一只可以装备物品的熊灵伙伴。若熊灵与德鲁伊的距离超过1100，则不能攻击。如果熊灵死亡，德鲁伊会受到自身最大生命值的10.0%作为反冲伤害。随着熊灵的等级提高，可以学习回归，缠绕之爪和粉碎击技能。熊灵装备的物品拥有的属性加成对熊灵无效。  可用神杖升级。  tips: 熊灵受到的大多数技能效果与英雄相同。 如果熊灵在3秒内受到伤害将无法重新召唤熊灵。 熊灵使用迈达斯之手后德鲁伊将获得相应的经验。 ', '[灵魂链接 ] 连接德鲁伊和熊灵，提升双方的攻击速度，并且造成的攻击伤害将治疗对方。 ', '[野蛮咆哮 ] 德鲁伊发出野性的咆哮，吓得周围敌人朝自己的基地狂奔。敌人的移动速度将增加20%。  tips: 被缠绕的英雄将无法移动。 与熊灵共享冷却时间。 ', '[战斗嚎叫 ] 提升德鲁伊和附近受其控制单位的攻击力和护甲。 ', '[真熊形态 ] 德鲁伊将自己的形态变换为狂怒的熊，失去远程攻击能力及部分基础移动速度，获得近战攻击能力和战斗嚎叫技能。他可以在德鲁伊形态和熊形态之间自由切换。  tips: 在2秒变形期间可以躲避眩晕技能。 幻影斧的冷却时间将由德鲁伊开启幻影斧时所处的近战或远程形态决定。 ', '[人形态 ] 切换成人形态。 ']","['天赋1：', '+125 攻击距离', '+250 生命', '天赋2：', '+10 熊灵护甲', '-12秒 野蛮咆哮冷却', '天赋3：', '缠绕之爪无冷却', '-25秒 战斗嚎叫冷却', '天赋4：', '战斗嚎叫提供技能免疫', '-0.5 熊灵攻击间隔']"
混沌骑士,chaos_knight,51.3936,http://cdn.max-c.com/app/dota2/chaos_knight@3x.png,1324366,67,"['动力鞋', '莫尔迪基安的臂章', '回音战刃', '幻影斧', '恐鳌之心', '黑皇杖', '圆盾', '魔杖', '迈达斯之手']","['[混乱之箭 ] 对目标单位投掷一支神秘的能量箭。造成随机时间的眩晕和随机的伤害。  tips: 眩晕持续时间和伤害值为负相关。 ', '[实相裂隙 ] 将混沌骑士及混沌骑士的幻象和目标单位传送到混沌骑士与目标连线上的固定位置，并且减缓目标的移动速度，同时降低其攻击速度。  tips: 目标单位将会强制面向混沌骑士，而且混沌骑士和幻象默认对目标发动攻击。 ', '[混沌一击 ] 混沌骑士的攻击造成威力不一的致命一击，并且触发时具有25 40 55 70%吸血效果。 ', '[混沌之军 ] 从另一维度内召唤若干个混沌骑士的幻象。幻象继承50 75 100%攻击力，但是承受260%伤害。  可用神杖升级。  驱散类型：弱驱散  tips: 能够移除混沌骑士的大部分负面状态。 混沌骑士在施放时有0.5秒的无敌时间，可以躲避眩晕和伤害技能。 ']","['天赋1：', '+20 移动速度', '+5 全属性', '天赋2：', '12% 冷却时间减少', '+15 力量', '天赋3：', '实相裂隙无视技能免疫', '+150 金钱/分', '天赋4：', '+2 混乱之箭最大眩晕', '-2秒 混沌一击冷却']"
米波,meepo,53.9775,http://cdn.max-c.com/app/dota2/meepo@3x.png,1027317,84,"['怨灵系带', '虚灵之刃', '动力鞋', '闪烁匕首', '邪恶镰刀', '斯嘉蒂之眼', '远行鞋', '极限法球', '恐鳌之心']","['[地之束缚 ] 向目标地点扔出一张网，困住所有敌方单位。地之束缚能阻止隐身、闪烁。  tips: 地之束缚可以使敌方单位在进入隐身后显形，但是不能作用于已经隐身的单位。 对技能免疫单位和肉山无效。 ', '[忽悠 ] 通过从大地中汲取神秘的能量，一个米波可以在施法1.5秒后传送至另一个米波或自身所在之处，在离开和到达的区域都造成伤害。  tips: 可以点击小地图施放。 可以传送至米波的幻象。 ', '[洗劫 ] 每次攻击都会窃取敌人的生命值，并治疗所有其他米波相同数值生命。 ', '[分则能成 ] 米波召唤一个不完美的半自主性自身复制体，可以像本体一样获得金钱和经验，并拥有本体的经验、属性和技能。但是，克隆只能使用本体装备的鞋类物品。任何一个克隆死亡都会导致所有米波全体死亡。  可用神杖升级。  tips: 克隆体不能使用奥术鞋，也不能使用神符。 ']","['天赋1：', '+15 攻击力', '+10 力量', '天赋2：', '+30 忽悠伤害', '20% 闪避', '天赋3：', '10% 吸血', '-4秒 地之束缚冷却', '天赋4：', '-5秒 忽悠冷却', '+400 生命']"
树精卫士,treant,50.4953,http://cdn.max-c.com/app/dota2/treant@3x.png,799736,98,"['奥术鞋', '阿哈利姆神杖', '闪烁匕首', '淬毒之珠', '陨星锤', '静谧之鞋', '圆盾', '魔杖', '压制之刃']","['[自然蔽护 ] 树精卫士靠近一棵树木后，经过0.6秒施法时间后就会获得隐身效果。隐身时移动速度得到提升，破隐一击将使目标被缴械和缠绕。  tips: 破隐一击无法被闪避。 自然蔽护每隔0.75秒会检测附近有没有树木，如果没有，隐身效果消失。 隐身时可以施法。 隐身前受到来自玩家的伤害将重置延迟时间。 ', '[寄生种子 ] 树精卫士在一个敌方单位体内种下一颗吸血的种子，吸收其生命值，同时使其减速。种子对其周围的友方单位进行治疗。吸取7次。 ', '[活体护甲 ] 将友方英雄或建筑笼罩在保护性外壳中，获得额外生命速率。同时为英雄提供所有类型的伤害格挡。在受到若干次攻击后护甲将会消失。  tips: 可以点击小地图施放。 ', '[丛林之眼 ] 树精卫士对目标树木灌注魔力。注魔后树木将拥有周围的顺畅视野。如果树精卫士施放了疯狂生长，这些树木附近的单位也将会被困住，并受到伤害。  tips: 丛林之眼的树木产生的疯狂生长效果可以造成伤害。树精卫士产生的疯狂生长效果则没有伤害。 如果敌人拥有真实视域，他们将会发现被灌注魔力的树木。 ', '[疯狂生长 ] 在树精卫士周围召唤出疯狂生长的伤害性藤条和枝干，阻止被缠绕的敌人移动、闪烁、进入隐身或攻击。  tips: 效果无视技能免疫，但是在期间获得技能免疫状态将挣脱控制。 丛林之眼的树木产生的疯狂生长效果可以造成伤害。树精卫士产生的疯狂生长效果则没有伤害。 ']","['天赋1：', '10% 冷却时间减少', '+2 活体护甲格挡次数', '天赋2：', '2秒 树木重生时间', '+90 攻击力', '天赋3：', '+50 寄生种子伤害/治疗', '+2秒 自然蔽护缠绕', '天赋4：', '700 范围型活体护甲', '+350 丛林之眼和疯狂生长范围']"
食人魔魔法师,ogre_magi,51.6793,http://cdn.max-c.com/app/dota2/ogre_magi@3x.png,3254877,17,"['奥术鞋', '迈达斯之手', '以太透镜', '魔杖', '原力法杖', '阿哈利姆神杖', '侦查·岗哨守卫', '淬毒之珠', '卫士胫甲']","['[火焰爆轰 ] 以一波火焰轰击一个敌方单位，造成伤害并使目标眩晕。  tips: 触发多重施法时，两次火焰爆轰之间有0.3秒的间隔。 根据所学习的多重施法等级，魔法消耗将增加20/40/60点。 ', '[引燃 ] 使目标和另一个随机单位浸透在挥发性化学物质中，导致其瞬间被火焰吞噬。目标处在极度痛苦之中，受到伤害并且移动缓慢。  tips: 多重施法将使此技能有几率对1400范围内的随机敌方单位进行多次施放。 每级多重施法都将使此技能的施法距离增加150。 多重施法将使此技能有几率对1400范围内的随机敌方单位进行多次施放。 ', '[嗜血术 ] 激起一个友方单位的狂暴，增加其移动和攻击速度。可以对防御塔施放。  tips: 触发多重施法时，575范围内的友方单位将随机获得嗜血术效果。 对攻城单位有效。 可以对技能免疫状态下队友施放。 ', '[未精通的火焰爆轰 ] 以一波火焰轰击一个敌方单位，造成伤害并使目标眩晕。魔法消耗为食人魔魔法师当前魔法的60%。 ', '[多重施法 ] 使食人魔魔法师可以迅速施法，有一定概率在一次施法中多次施放同一法术或物品。 ']","['天赋1：', '+100 施法距离', '+90 金钱/分', '天赋2：', '+350 生命', '+100 攻击力', '天赋3：', '+60 嗜血术攻速加成', '+40 力量', '天赋4：', '+300 火焰爆轰伤害', '+75 移动速度']"
不朽尸王,undying,50.6503,http://cdn.max-c.com/app/dota2/undying@3x.png,912779,90,"['奥术鞋', '魔杖', '刃甲', '圆盾', '卫士胫甲', '洞察烟斗', '阿哈利姆神杖', '赤红甲', '梅肯斯姆']","['[腐朽 ] 不朽尸王偷取区域内所有敌方英雄的力量，造成基础伤害并将敌人的力量据为己有。  可用神杖升级。  tips: 窃据的力量可以叠加，但是敌方英雄的力量至少为1点。 力量的窃取先于技能造成的伤害。 可以作用隐形单位。 ', '[噬魂 ] 不朽尸王从附近的所有单位身上扯出生命力，并使用它治疗队友或伤害敌人。可以使用噬魂治疗墓碑。  tips: 可以治疗墓碑，但是不能治疗或伤害其他建筑。 不会扯出隐身单位的生命力。 ', '[墓碑 ] 在目标位置召唤一座墓碑。墓碑会不断在其附近的每个敌方单位身边产生僵尸攻击他们。僵尸拥有死亡渴望技能，使他们的攻击带有减速效果，并且若目标的生命值低于一定数值或一定百分比，僵尸的攻击和移动速度会提升。  tips: 墓碑为技能免疫，但是可以被噬魂治疗。 僵尸和墓碑均为技能免疫。 如果初始目标死亡或丢失视野，僵尸将会死亡。 ', '[血肉傀儡 ] 不朽尸王变身为一具令人毛骨悚然的血肉傀儡，拥有瘟疫光环。光环对375范围内的所有敌方单位有减速效果，并使他们每秒损失当前生命值的一定百分比。  tips: 范围内受到作用的单位死亡后不朽尸王就会回复生命，与击杀者无关。 幻象死亡不会触发回复效果。 瘟疫光环无视技能免疫。 瘟疫光环的伤害加深和减速效果最低为1%。 ']","['天赋1：', '+8 生命恢复', '+150 施法距离', '天赋2：', '+50秒 腐朽持续时间', '+30 墓碑僵尸攻击力', '天赋3：', '+5 墓碑可被攻击次数', '死亡时召唤墓碑', '天赋4：', '-2秒 腐朽冷却', '获得重生 250秒冷却']"
拉比克,rubick,45.6608,http://cdn.max-c.com/app/dota2/rubick@3x.png,3305023,15,"['闪烁匕首', '奥术鞋', '魔杖', '以太透镜', '阿哈利姆神杖', 'Eul的神圣法杖', '微光披风', '原力法杖', '静谧之鞋']","['[隔空取物 ] 拉比克利用它的隔空取物能力，将敌人短暂抬到空中，然后猛投向地面。被投下的单位会砸晕落地点附近的敌人。  tips: 目标滞空时，拉比克可以使用次级技能将目标扔往目标方向。 单位落地后，自身不会受到范围眩晕效果。 最远能将敌人扔375码。 ', '[弱化能流 ] 拉比克制造一道强大的奥术能量流，在多个敌方单位之间流动，造成伤害并降低他们的攻击力。每次弹跳造成的伤害递减。 ', '[奥术至尊 ] 拉比克对奥术的熟稔让他可以造成更高的法术伤害，敌人所受的法术持续时间也更长。 ', '[技能窃取 ] 拉比克钻研一个敌方英雄的魔法精华之痕，学习这个英雄最后释放的技能的秘密。拉比克将可以使用这个技能，维持几分钟或直到他死亡。  可用神杖升级。  tips: 无法窃取物品类技能。 ', '[隔空取物着陆 ] 选择隔空取物结束时目标的落地点。 ']","['天赋1：', '+60 攻击力', '+200 生命', '天赋2：', '-60 弱化能流降低英雄攻击力', '+125 施法距离', '天赋3：', '+300 隔空取物着陆距离', '-5秒 弱化能流冷却', '天赋4：', '+50% 窃取技能获得技能增强', '-15秒 隔空取物冷却']"
干扰者,disruptor,49.1532,http://cdn.max-c.com/app/dota2/disruptor@3x.png,1350513,66,"['奥术鞋', '魔杖', '以太透镜', '微光披风', '原力法杖', '阿哈利姆神杖', '侦查·岗哨守卫', '显影之尘', '静谧之鞋']","['[风雷之击 ] 用闪电反复打击目标单位。每次打击会伤害附近小范围内的敌方单位。提供目标的视野。 ', '[恶念瞥视 ] 将目标英雄传送回他4秒前所在位置。瞬间杀死幻象单位。  tips: 飞行时间由目标的飞行距离决定。 ', '[动能力场 ] 在短暂的构造时间后，创造一个敌人无法通过的环形动能屏障。  tips: 力场不能困住技能免疫单位。 ', '[静态风暴 ] 创造一场静态风暴，在持续时间内伤害并沉默区域内的所有敌方单位。伤害刚开始时很低，但会在持续时间内逐渐增强。  可用神杖升级。 ']","['天赋1：', '+40 风雷之击伤害', '+200 生命', '天赋2：', '-4秒 动能力场冷却', '+150 施法距离', '天赋3：', '+4 风雷之击打击次数', '+180 金钱/分', '天赋4：', '+4秒 动能力场持续时间', '-10秒 恶念瞥视冷却']"
司夜刺客,nyx_assassin,48.4915,http://cdn.max-c.com/app/dota2/nyx_assassin@3x.png,1148303,77,"['奥术鞋', '魔杖', '圆盾', '阿哈利姆神杖', '以太透镜', '魂之灵瓮', '速度之靴', '闪烁匕首', 'Eul的神圣法杖']","['[穿刺 ] 岩石尖刺在地上沿一条直线穿刺而出。敌方单位被抛向空中，落地时被眩晕并受到伤害。  tips: 尖刺的移动速度是每秒1600码，最远作用距离为700码。 穿刺不会被林肯法球格挡。 ', '[法力燃烧 ] 烧毁目标英雄智力值数倍的魔法值，并造成和烧毁的魔法值等量的伤害。 ', '[尖刺外壳 ] 激活状态下，尖刺外壳可以反弹并无效化司夜刺客受到的伤害（每个攻击者最多作用一次），同时眩晕攻击者。激活尖刺外壳不会打破复仇的隐身状态。  钻地状态下尖刺外壳施放后将立刻眩晕周围的敌人。  tips: 反弹的伤害与司夜刺客本应受到的实际伤害相同。 尖刺外壳只有在受到玩家控制单位的伤害后会反弹。 ', '[钻地 ] 司夜刺客经过短时间的掘地后钻入地下。钻地后尖刺外壳一施放就会直接眩晕附近所有敌人，法力燃烧和穿刺的施法距离提升，穿刺的冷却时间减少，司夜刺客为隐身状态，无法进行移动/攻击。同时生命和魔法恢复速率都有所增加，受到的所有伤害都会降低。  tips: 施放复仇将取消钻地状态。 ', '[复仇 ] 司夜刺客进入隐身状态并获得移动速度加成。如果司夜刺客以攻击打破隐身，那一次攻击将会造成超高的额外伤害，并对敌人施加破坏效果，持续4.0秒。  tips: 进入隐身时间为0。 如果在隐身期间使用了技能，或者隐身时间结束，额外伤害的效果将会消失。 ', '[现身 ] 从钻地状态中现身。 ']","['天赋1：', '+90 金钱/分', '+8% 技能增强', '天赋2：', '+25 移动速度', '+325 生命', '天赋3：', '+175 穿刺伤害', '+75% 尖刺外壳伤害', '天赋4：', '复仇无视地形', '+100 敏捷']"
娜迦海妖,naga_siren,53.0345,http://cdn.max-c.com/app/dota2/naga_siren@3x.png,861829,93,"['净魂之刃', '幻影斧', '怨灵系带', '动力鞋', '恐鳌之心', '蝴蝶', '远行鞋', '辉耀', '斯嘉蒂之眼']","['[镜像 ] 制造多个受娜迦海妖控制的镜像。  驱散类型：弱驱散  tips: 娜迦海妖在施法时有0.3秒的无敌时间，可以用来躲避眩晕和伤害。 施放后，将会移除娜迦海妖身上大部分效果。 ', '[诱捕 ] 打断目标的动作并困住目标，使之无法移动或闪烁。  tips: 无视技能免疫。 ', '[激流 ] 娜迦海妖和她的镜像攻击时有几率操控破坏力的水波攻击周围所有敌方单位，并削弱他们的护甲，持续4.0秒。  tips: 娜迦海妖的幻象也会施放激流，但是同时处于多个作用范围的敌人只会受到一次伤害效果。 ', '[海妖之歌 ] 娜迦海妖周围的所有敌人受到魔法影响陷入停滞状态，既无法行动也不会受到攻击。再次使用海妖之歌可以提前停止效果。  可用神杖升级。  tips: 海妖之歌作用下的单位处于无敌状态，不会受到任何伤害。 对技能免疫单位无效。 海妖之歌的作用范围以娜迦海妖为中心，如果她远离了作用单位，他们将会醒来。 ', '[终止海妖之歌 ] 将敌方单位从你的歌声中释放出来，使他们可以受到攻击。 ']","['天赋1：', '+10% 镜像攻击力', '+20 移动速度', '天赋2：', '+14 力量', '+12 敏捷', '天赋3：', '+1 镜像幻象', '-7秒 诱捕冷却', '天赋4：', '-6 激流降低护甲', '30% 闪避']"
光之守卫,keeper_of_the_light,49.4911,http://cdn.max-c.com/app/dota2/keeper_of_the_light@3x.png,861716,94,"['静谧之鞋', '阿哈利姆神杖', '原力法杖', '微光披风', '侦查·岗哨守卫', '魔杖', '幽魂权杖', '显影之尘', '以太透镜']","['[冲击波 ] 积攒光的能量，积攒时间越长，威力越大。释放后，光波沿直线发出，造成伤害并打开视野。  可用神杖升级。  tips: 在持续施法期间获得的视野不断增大。 可以伤害机械单位。 ', '[致盲之光 ] 一道致盲之光在目标区域闪现，击退并致盲区域内的单位，使他们的攻击不能命中。  tips: 在%knockback_duration%秒内击退%knockback_distance%距离，从目标区域的中心算起。落地后受作用单位将摧毁150范围内的树木。 不能打断持续施法。 ', '[查克拉魔法 ] 恢复目标单位的魔法值，并减少所有冷却中基础技能（非大招）的冷却时间。可以对敌人施放，使其每移动100距离损失当前魔法值的 。 ', '[灵光 ] 在目标区域召唤幻火。每秒交替闪亮和闪灭。闪亮时将使附近所有敌人被蛊惑，强制凝视幻火。可以被作用范围外的单位攻击，受到一定次数攻击后消失。 ', '[释放冲击波 ] 提前结束能量积聚。 ', '[冲击波 ] 积攒光的能量，积攒时间越长，威力越大。释放后，光波沿直线发出，造成伤害并打开视野。  可用神杖升级。  tips: 在持续施法期间获得的视野不断增大。 可以伤害机械单位。 ', '[释放冲击波 ] 提前释放技能。 ']","['天赋1：', '+25 移动速度', '+30% 经验获取', '天赋2：', '+350 施法距离', '+1 灵光可被攻击次数', '天赋3：', '+300 查克拉魔法回复', '+40% 魔法抗性', '天赋4：', '+200 冲击波伤害/治疗', '+2 灵光闪亮次数']"
艾欧,wisp,45.3163,http://cdn.max-c.com/app/dota2/wisp@3x.png,542321,109,"['魔瓶', '影之灵龛', '魔杖', '梅肯斯姆', '阿哈利姆神杖', '显影之尘', '灵魂之戒', '侦查·岗哨守卫', '奥术鞋']","['[羁绊 ] 将艾欧和一个友方单位连接在一起，提高双方的移动速度。当艾欧回复生命或魔法时，连在一起的友军也将获得成倍的回复效果。距离过远时连接将会断开，也可以主动断开连接。  tips: 如果羁绊的目标距离艾欧700码以外，他将链接目标并将自己向目标牵引（牵引后相距300码）。 被羁绊连接的单位回复速度相比更快。 ', '[幽魂 ] 召唤五个围绕艾欧起舞的幽魂，对所有碰触到的单位造成伤害。如果碰到的是敌方英雄，幽魂会爆炸，对其附近的所有敌人造成伤害。普通单位碰到幽魂会受到轻微伤害，但是不会使其爆炸。持续时间结束后，幽魂将自动爆炸。  可用神杖升级。 ', '[过载 ] 艾欧获得攻击速度加成并降低受到的伤害。如果艾欧和一个友军连接，该单位也会获得增益效果。  tips: 艾欧用羁绊连接的单位也会得到攻击速度和伤害减免的加成，但是只有艾欧会不断流失生命和魔法。 ', '[降临 ] 将艾欧和与其连接的友军传送到地图上任何位置。法术结束后艾欧和相连的友军会被传送回原位。双击将传送回己方的泉水。  tips: 敌人在施法延迟期间会在大地图和小地图上目标区域都收到视觉特效提示。 如果艾欧在施法延迟期间被控制，降临将会取消。 如果羁绊连接了友方英雄，该英雄将和你一起被传送。你可以随时断开连接，防止英雄和你一同传送。 ', '[断开连接 ] 断开连接。 ', '[移动幽魂 ] 召唤幽魂远离或靠近自身。 ']","['天赋1：', '+45 攻击力', '幽魂施加减速', '天赋2：', '+8 生命恢复', '+75 幽魂对英雄伤害', '天赋3：', '+15 护甲', '+150 金钱/分', '天赋4：', '攻击羁绊友军的目标', '-30秒 降临冷却']"
维萨吉,visage,52.1588,http://cdn.max-c.com/app/dota2/visage@3x.png,210421,116,"['炎阳纹章', '支配头盔', '速度之靴', '弗拉迪米尔的祭品', '阿托斯之棍', '勇气勋章', '阿哈利姆神杖', '王者之戒', '魔杖']","['[黄泉颤抖 ] 维萨吉吸取目标单位的移动和攻击速度，自身获得等量加成。  tips: 两个状态效果是分开驱散的。 速度加成和目标的速度减少相互独立。 ', '[灵魂超度 ] 每次附近英雄（不论敌我）受到的伤害超过110点，维萨吉就能集聚灵魂精华的能量。将精华释放后，会对目标单位造成基础伤害，每一点集聚的能量还将造成额外伤害。  tips: 能量点数只计算来自玩家或肉山的伤害，必须大于2点小于3000点。自残型伤害和灵魂超度造成的伤害不计算在内。 灵魂超度无法被躲避。 ', '[陵卫斗篷 ] 维萨吉产生数层屏障来保护他，降低受到的伤害。每当他受到来自玩家的伤害，就会失去一层屏障，失去的屏障需要一定时间才能恢复。  tips: 每次维萨吉受到50点以上来自其他玩家的伤害，保护层就会移除一层。 ', '[石像形态 ] 短暂延迟后，佣兽化为石像并坠向地面，对范围的所有敌人造成眩晕及伤害。此时佣兽无敌，并非常迅速地恢复生命值。6.0秒后佣兽自动解除石像形态。 ', '[召唤佣兽 ] 召唤两只盲眼的佣兽为维萨吉作战。佣兽拥有石像形态技能，可以化为石像，在落地时使敌人眩晕。在石像形态中的佣兽无敌，并且迅速回复生命值。佣兽被击杀时给予高额奖励。  可用神杖升级。  tips: 施放召唤佣兽后已有的佣兽将会死亡。 ']","['天赋1：', '+30 攻击力', '+100 施法距离', '天赋2：', '灵魂超度攻击两个目标', '+40% 经验获取', '天赋3：', '+50 佣兽移动速度', '+25 灵魂超度每点灵魂伤害', '天赋4：', '+1 佣兽', '-2秒 陵卫斗篷恢复时间']"
斯拉克,slark,50.5213,http://cdn.max-c.com/app/dota2/slark@3x.png,4158172,9,"['动力鞋', '回音战刃', '影刃', '怨灵系带', '黑皇杖', '白银之锋', '碎颅锤', '魔杖', '净魂之刃']","['[黑暗契约 ] 短暂延迟后，斯拉克牺牲部分生命力，清除大部分负面状态并对自己和周围敌方单位造成伤害。斯拉克自身只受到造成的50%伤害。  驱散类型：强驱散  tips: 经过1.5秒施法延迟后，每隔0.1秒释放1道伤害波造成伤害，总共10道。 每道伤害波还会移除斯拉克身上的负面效果。 不能使用此技能自杀。 如果斯拉克死亡，伤害波将停止释放。 ', '[突袭 ] 斯拉克向前跳跃，抓住第一个碰到的英雄。该单位会被束缚，只能在斯拉克着地点附近的有限范围内移动。  tips: 施放后斯拉克以933.33的速度向前跳跃，抓住敌方英雄或跳跃700码后停下。 不能束缚技能免疫单位。 斯拉克落地点附近的树木将会被摧毁。 闪烁或传送将会打破束缚。 ', '[能量转移 ] 斯拉克的攻击会偷走敌方英雄的生命能量，每次吸取他们的一点全属性并转化成自身额外的敏捷值。只要敌方英雄带着该效果在斯拉克300范围内阵亡，他将永久窃取1点敏捷。  tips: 属性值最少为1点。 斯拉克或受到作用的单位死亡后，阵亡单位因能量转移变化的属性值将回归正常。但是两方的属性值相互独立，并无关联。 ', '[暗影之舞 ] 斯拉克将自己藏进暗影之云，变成隐身状态，不会被反隐手段发现。攻击、施法、使用物品都不会使斯拉克显形。该技能还有被动效果，在敌人视野外时移动速度和生命恢复会得到提升。  可用神杖升级。  tips: 如果斯拉克受到中立生物的攻击，2秒内将失去被动的移速加成和生命恢复效果。 移动速度和生命恢复加成效果有0.5秒的生效和失效时间。 ']","['天赋1：', '+6 敏捷', '+10 力量', '天赋2：', '20% 吸血', '+30 攻击速度', '天赋3：', '+1.25秒 突袭束缚时间', '+150 黑暗契约伤害', '天赋4：', '+80秒 能量转移持续时间', '+1秒 暗影之舞持续时间']"
美杜莎,medusa,46.0387,http://cdn.max-c.com/app/dota2/medusa@3x.png,1169920,75,"['怨灵系带', '斯嘉蒂之眼', '幻影斧', '相位鞋', '动力鞋', '蝴蝶', '魔龙枪', '漩涡', '雷神之锤']","['[分裂箭 ] 美杜莎施展魔法将她的箭分裂成若干支箭矢。分裂箭造成的伤害为正常攻击力的一定百分比。  额外目标不会受到其他攻击特效（比如致命一击）的作用。  tips: 次级目标将是除了主要目标外距离最近的敌方单位。 如果在分裂箭开启的状态下创造幻象，幻象也将继承此技能。 ', '[秘术异蛇 ] 放出一条秘术异蛇在敌人之间跳跃，造成伤害并偷取魔法值。抵达最后一个目标后，它会返回到美杜莎身上为其恢复魔法值。每次跳跃造成更多伤害，并偷取11 14 17 20%最大魔法值的魔法。对石化凝视作用下的石化单位将造成纯粹伤害。  可用神杖升级。  tips: 秘术异蛇无法躲避。 ', '[魔法护盾 ] 创造一个魔法护盾，消耗美杜莎的魔法值以吸收60%的伤害。  tips: 伤害的吸收先于任何伤害减免机制，所以提高物理护甲，物理格挡和魔法抗性都不能减少吸收相同伤害所需的魔法。 ', '[石化凝视 ] 任何盯着蛇发女妖的敌方单位的攻击速度和移动速度均将被减缓。如果一单位在石化凝视期间盯着蛇发女妖超过2秒，该单位会被完全石化。被石化的单位处于眩晕状态，受到物理攻击时承受额外伤害。  tips: 效果无视技能免疫。 无论敌方单位是在美杜莎施放技能期间的何时受到石化凝视作用，他受到的技能效果都是满额的持续时间。 ']","['天赋1：', '15% 闪避', '+15 攻击力', '天赋2：', '+25% 秘术异蛇魔法窃取', '+30 攻击速度', '天赋3：', '+2.5秒 石化凝视持续时间', '-4秒 秘术异蛇冷却', '天赋4：', '分裂箭继承攻击特效', '+1000 魔法']"
巨魔战将,troll_warlord,47.7464,http://cdn.max-c.com/app/dota2/troll_warlord@3x.png,1516435,61,"['相位鞋', '黑皇杖', '怨灵系带', '散夜对剑', '吸血面具', '净魂之刃', '碎颅锤', '弗拉迪米尔的祭品', '金箍棒']","['[狂战士之怒 ] 激活后巨魔战将从远程形态变成近战进行攻击。近战攻击时将有几率触发诱捕，阻止目标移动或使用移动类技能。狂战士之怒还将提供额外的移动速度，护甲和更快的攻击速度。  狂战士之怒激活后会改变旋风飞斧的作用机制。  tips: 幻影斧的冷却时间根据巨魔战将在使用物品时处于远程或近战形态而定。 不与碎颅锤叠加。 幻影斧的冷却时间将由巨魔战将开启幻影斧时所处的近战或远程形态决定。 ', '[旋风飞斧（远程） ] 巨魔战将掷出手中的五把飞斧，减速并伤害前方900范围锥形区域内的敌方单位。 ', '[旋风飞斧（近战） ] 巨魔战将掷出两把飞斧环绕在他周围，使敌方单位受到伤害，并且部分普通攻击将不能命中。 ', '[热血战魂 ] 当巨魔战将持续攻击同一个目标时，他会攻击得越来越快。如果改变目标，则额外的攻速加成清零。 ', '[战斗专注 ] 巨魔战将释放出强大的战斗专注，强迫自身持续攻击900距离内最近的敌方单位，以英雄优先。专注期间不会因伤害而阵亡。提供额外吸血，攻击速度和移动速度。施放时施加弱驱散。   可用神杖升级。  tips: 对幻象无效。 ']","['天赋1：', '+250 生命', '+10 敏捷', '天赋2：', '+90 旋风飞斧伤害', '+3 热血战魂叠加上限', '天赋3：', '+40 攻击力', '25% 闪避', '天赋4：', '战斗专注带强驱散', '-6秒 旋风飞斧冷却']"
半人马战行者,centaur,49.5465,http://cdn.max-c.com/app/dota2/centaur@3x.png,1245657,69,"['闪烁匕首', '赤红甲', '洞察烟斗', '刃甲', '静谧之鞋', '相位鞋', '魔杖', '先锋盾', '恐鳌之心']","['[马蹄践踏 ] 猛踏地面，眩晕并伤害身边的敌方单位。 ', '[双刃剑 ] 半人马战行者以猛烈的力量进行近战攻击，对目标周围单位和自身造成伤害。将基于力量值造成额外伤害。此技能无法用于自杀。  tips: 双刃剑对目标和自身都造成魔法伤害。 ', '[反伤 ] 半人马战行者向攻击他的单位发出反击，对攻击者造成伤害。每次受到敌方英雄或防御塔攻击时都会获得能量。可以开启，消耗所有能量，使基础攻击力获得一定百分比的提升，持续20秒。  tips: 反伤会在受到攻击时触发。 反伤能对防御塔造成伤害。 防御塔的一次攻击将被视为半点能量。 ', '[奔袭冲撞 ] 半人马战行者带领所有队友向胜利冲锋，所有友方英雄达到极限移动速度，并使踩到的敌人停滞。每个敌人只会受到一次踩踏作用，并受到基于半人马战行者力量值的伤害。  可用神杖升级。  tips: 对技能免疫单位无效。 ']","['天赋1：', '+20 移动速度', '10% 闪避', '天赋2：', '+50% 双刃剑力量伤害', '+30 基础攻击力', '天赋3：', '+20 力量', '+80 反伤伤害', '天赋4：', '+1.5秒 马蹄践踏眩晕', '反伤变成光环']"
马格纳斯,magnataur,45.6031,http://cdn.max-c.com/app/dota2/magnataur@3x.png,831378,96,"['闪烁匕首', '奥术鞋', '魔杖', '原力法杖', '圆盾', '压制之刃', '影刃', '黑皇杖', '魔瓶']","['[震荡波 ] 马格纳斯放出一道能量波，对一条直线上的敌方单位造成伤害，并将他们朝自身牵引。  可用神杖升级。 ', '[授予力量 ] 给予一个友方单位额外攻击力并且使其获得分裂攻击的能力。  tips: 攻击力加成根据基础攻击力和主属性加成计算。 分裂伤害会根据护甲类型有所减少，但是与护甲数值无关。 分裂伤害无视技能免疫。 远程单位的攻击没有分裂效果。 ', '[巨角冲撞 ] 马格纳斯向前冲刺，用他巨大的犀角将敌人挑起。被击中的英雄将被拽至终点，然后受到伤害，并且移动速度和攻击速度被降低。  tips: 不能作用于技能免疫单位。 ', '[两极反转 ] 马格纳斯改变物质的属性，将附近的敌人都拖拽到他的前方，并且以强力的震击对他们造成伤害和眩晕。  tips: 眩晕和牵引效果无视技能免疫。 ']","['天赋1：', '+200 生命', '+25 攻击速度', '天赋2：', '+75 震荡波伤害', '+12 力量', '天赋3：', '+500 巨角冲撞距离', '+10 护甲', '天赋4：', '+1秒 两极反转眩晕', '+20% 授予力量攻击力/分裂']"
伐木机,shredder,47.2181,http://cdn.max-c.com/app/dota2/shredder@3x.png,1388424,64,"['血精石', '奥术鞋', '魔杖', '洞察烟斗', '灵魂之戒', '刃甲', '圆盾', '清莲宝珠', 'Eul的神圣法杖']","['[死亡旋风 ] 伐木机使极其锋利的刀刃飞旋，对敌人造成伤害并摧毁他周围的树木。如果敌方英雄受到了作用，他的主要属性将在短时间内降低少许。如果该技能施放过程中砍倒了树木则会根据砍倒的数量造成额外伤害。 ', '[伐木锯链 ] 伐木机发射一条锯链，锯链会嵌入第一棵碰到的树里，然后将他拉向那棵树。行进过程中任何碰到的敌方单位都会受到伤害。 ', '[活性护甲 ] 伐木机每受到一次物理攻击，他的生命恢复和护甲值都会提升。 ', '[锯齿飞轮 ] 伐木机将次锯刃射向目标区域，锯刃会高速旋转，对周围的敌方单位造成伤害。在锯刃作用范围内的敌方单位每损失最大生命值的5%，他们的移动速度都会进一步被降低。锯刃在发射和收回的过程中都将造成伤害并砍倒碰到的树木。在发射锯刃后伐木机将无法攻击，同时会持续消耗魔法。  tips: 如果伐木机魔法不足或移动超过2000码，锯齿飞轮将会飞回。 ', '[锯齿飞轮 ] 伐木机将主锯刃射向目标区域，锯刃会高速旋转，对周围的敌方单位造成伤害。在锯刃作用范围内的敌方单位每损失最大生命值的5%，他们的移动速度都会进一步被降低。锯刃在发射和收回的过程中都将造成伤害并砍倒碰到的树木。在发射锯刃后伐木机将无法攻击，同时会持续消耗魔法。  可用神杖升级。  tips: 如果伐木机魔法不足或移动超过2000码，锯齿飞轮将会飞回。 ', '[收回锯齿飞轮 ] 让伐木机收回锯齿飞轮。 ', '[收回锯齿飞轮 ] 让伐木机收回锯齿飞轮。 ']","['天赋1：', '+2.5 魔法恢复', '+225 生命', '天赋2：', '+8 活性护甲叠加', '+10% 技能增强', '天赋3：', '15% 冷却时间减少', '+20 力量', '天赋4：', '+1400 伐木锯链距离', '+12% 死亡旋风属性降低']"
钢背兽,bristleback,49.8933,http://cdn.max-c.com/app/dota2/bristleback@3x.png,3023966,21,"['刃甲', '赤红甲', '动力鞋', '洞察烟斗', '先锋盾', '魔杖', '恐鳌之心', '相位鞋', '辉耀']","['[粘稠鼻液 ] 用鼻涕包裹一个敌方单位，降低他的移动速度，减少他的护甲。多次施放效果会叠加，同时持续时间以最后一次为准。  可用神杖升级。 ', '[刺针扫射 ] 将尖刺喷射向敌人，对钢背兽附近的敌人造成伤害。任何单位最近14秒内每次受到刺针扫射的打击都会受到额外伤害。  tips: 刺针扫射的伤害不能被伤害格挡类技能减免。 ', '[钢毛后背 ] 如果伤害来自钢背兽的侧面或者背后，他将会受到较少的伤害。钢毛后背每吸收210点伤害会自动释放一次当前等级的刺针扫射。  tips: 钢背兽的背面是以背部中心点为原点，向左向右各呈70度角的扇形区域。 钢背兽的侧面是以背部中心点为原点，向左向右各呈110度角的扇形区域，背面的扇形区域不算在内。 ', '[战意 ] 钢背兽在使用技能的时候会进入狂暴的状态，移动速度和攻击力都将提升。  tips: 钢背兽的幻象也能继承技能效果。 使用物品不会触发战意。 ']","['天赋1：', '+3 魔法恢复', '+20 移动速度', '天赋2：', '+6 鼻液叠加上限', '+250 生命', '天赋3：', '+25 刺针叠加伤害', '+25 生命恢复', '天赋4：', '+30 战意叠加攻击力', '15% 技能吸血']"
巨牙海民,tusk,45.4509,http://cdn.max-c.com/app/dota2/tusk@3x.png,1189961,74,"['相位鞋', '魔杖', '黯灭', '闪烁匕首', '淬毒之珠', '魂之灵瓮', '奥术鞋', '影刃', '护腕']","['[寒冰碎片 ] 巨牙海民将数块寒冰碎片压缩成蕴含冰冻能量的冰球，对所有接触到冰球的敌人造成伤害。如果冰球到达目标地点时，则产生一个障碍物，持续4 5 6 7秒。  tips: 将创造不可通行的障碍。 ', '[雪球 ] 巨牙海民开始卷成雪球。右键点击350范围内的友方英雄能使其加入雪球。发动雪球后，雪球经过的单位将会被眩晕并受到伤害。雪球每卷入一个英雄，它的伤害都会得到提升。  tips: 雪球可以摧毁树木。 雪球的行进速度为675。 幻象不会进入雪球，但是米波的克隆体以及巨牙海民控制的其他单位将一同进入雪球。 米波的分身也能卷入雪球，并提升雪球的伤害和速度。 队友可以点击雪球，使自己进入雪球。 ', '[摔角行家 ] 暂时施加一个负面效果的光环，使作用范围内的敌人被攻击时承受额外物理伤害，并且移动速度被减缓。持续5秒。  tips: 影响来自友方英雄、巨牙海民和他控制的所有单位的普通攻击。 ', '[海象飞踢 ] 将目标踢回，造成伤害并且减缓移动速度。 ', '[海象神拳！ ] 巨牙海民为他强力的海象神拳做好准备，下一次攻击将会暴击并将目标打到半空中。目标在落地后会被减速。  tips: 本技能的所有效果无视技能免疫。 ', '[雪球滚滚 ] 向目标发动雪球。  tips: 雪球将摧毁行进路径上的树木。 雪球的行进速度为675。 幻象不会进入雪球，但是米波的克隆体以及巨牙海民控制的其他单位将一同进入雪球。 米波的分身也能卷入雪球，并提升雪球的伤害和速度。 ']","['天赋1：', '+90 金钱/分', '+40% 经验获取', '天赋2：', '+150 雪球伤害', '+350 生命', '天赋3：', '+100% 海象神拳暴击', '-6秒 寒冰碎片冷却', '天赋4：', '-7秒 雪球冷却', '15% 普攻触发海象神拳']"
天怒法师,skywrath_mage,51.5817,http://cdn.max-c.com/app/dota2/skywrath_mage@3x.png,2726385,27,"['空灵挂件', '阿托斯之棍', '奥术鞋', '阿哈利姆神杖', '远行鞋', '慧光', '速度之靴', '以太透镜', '邪恶镰刀']","['[奥法鹰隼 ] 天怒法师施放出缓慢移动的奥术鹰群，对敌方单位造成基于天怒法师智力值的伤害。  tips: 鹰群移动非常缓慢（500移速），提供325码的范围视野。击中目标后，将给予目标区域的视野，持续3.34秒。 奥法鹰隼无法被躲避。 ', '[震荡光弹 ] 天怒法师释放一个远距离的光弹，将击中超大范围内最近的英雄。被击中后英雄附近一定范围内单位将受到伤害，移动速度也会减缓。  tips: 如果作用范围内没有英雄或英雄处于迷雾中，该技能将没有效果。 击中英雄后附近的小兵也会受到相同伤害。 光弹将给予附近的400码视野，击中后将获得目标区域的视野，持续3.34秒。 ', '[上古封印 ] 天怒法师利用上古符文将目标单位封印，目标单位将被沉默，受到法术伤害时将承担额外伤害。  tips: 减少魔法抗性的效果对小兵无效。 ', '[神秘之耀 ] 天怒法师运用终极魔法技能，召唤精准致命的奥术力场毁灭对手。2.4秒期间对范围内所有敌方英雄造成大量伤害，伤害由所有英雄平摊。  可用神杖升级。  tips: 神秘之耀仅对英雄有效，幻象或非英雄单位将不会受到伤害。 技能免疫状态下的敌人不会被均摊伤害。 ']","['天赋1：', '+30% 经验获取', '+20 移动速度', '天赋2：', '+1 奥法鹰隼施放数量', '-8秒 上古封印冷却', '天赋3：', '+15% 上古封印降低魔法抗性', '全屏震荡光弹', '天赋4：', '+600 神秘之耀伤害', '+300 金钱/分']"
亚巴顿,abaddon,52.5361,http://cdn.max-c.com/app/dota2/abaddon@3x.png,1084805,82,"['弗拉迪米尔的祭品', '静谧之鞋', '魔杖', '相位鞋', '刃甲', '圆盾', '辉耀', '压制之刃', '显影之尘']","['[迷雾缠绕 ] 亚巴顿以部分生命为代价，释放带有死亡气息的迷雾缠绕伤害敌方单位或治疗友方单位。 ', '[无光之盾 ] 召唤黑暗能量环绕友方单位，创造一个护盾，护盾在消失前能吸收一定量的伤害。护盾被摧毁后，它会将之前吸收的伤害反馈给周围的敌方单位。施放时移除目标身上的负面魔法效果。  驱散类型：强驱散 ', '[魔霭诅咒 ] 亚巴顿攻击敌人时减缓目标的移动速度。若目标被攻击4次，他们将受寒心诅咒的作用，被沉默和减速，同时所有攻击被减速目标的单位将提升攻击速度。 ', '[回光返照 ] 启动后所有受到的伤害转而治疗你，启动时还将移除大部分的负面效果。只要技能不在冷却过程中，在生命值低于400点时技能会自动启动。  可用神杖升级。  驱散类型：强驱散  tips: 在亚巴顿受到眩晕作用时依然可以开启回光返照，但是受到沉默作用时不可以。 ']","['天赋1：', '+25% 经验获取', '+20 移动速度', '天赋2：', '+60 迷雾缠绕治疗/伤害', '+8 护甲', '天赋3：', '+90 攻击力', '20% 冷却时间减少', '天赋4：', '375 范围型迷雾缠绕', '+225 无光之盾吸收']"
上古巨神,elder_titan,49.8937,http://cdn.max-c.com/app/dota2/elder_titan@3x.png,402319,111,"['魔杖', '圆盾', 'Eul的神圣法杖', '奥术鞋', '静谧之鞋', '灵魂之戒', '阿哈利姆神杖', '动力鞋', '阿托斯之棍']","['[回音重踏 ] 上古巨神与他的星体游魂一起践踏地面，对敌方单位造成伤害并使他们在原地昏迷。上古巨神造成物理伤害，星体游魂造成魔法伤害。  可用神杖升级。 ', '[星体游魂 ] 上古巨神将他的星体游魂，一个从隐藏位面拖出的自己送至前方。灵魂对任何经过的单位造成伤害。当它与巨神合体时，它每伤害过一个单位就能给予若干攻击力、护甲和移动速度加成。  星体游魂拥有回音践踏，回归和自然秩序三个技能。 ', '[自然秩序 ] 使所有元素降低至基础水平，移除附近敌方单位的基础物理护甲和魔法抗性。护甲降低效果以英雄为中心，魔法抗性降低效果以星体游魂为中心。  tips: 没有施放星体游魂时，护甲和魔法抗性降低效果均以上古巨神为中心。 ', '[裂地沟壑 ] 上古巨神向前方放出一道不平坦的裂纹。3秒后裂纹塌陷，范围内的单位将被减速，并受到基于他们自身生命最大值的伤害。其中一半伤害为魔法伤害，另一半为物理伤害。 ', '[星体游魂回归 ] 使星体游魂回归至上古巨神。 ']","['天赋1：', '+200 生命', '+20 移动速度', '天赋2：', '+30 星体游魂触碰英雄攻击力', '+15% 魔法抗性', '天赋3：', '+100 回音重踏伤害', '+70 攻击速度', '天赋4：', '+600 回音重踏唤醒伤害', '-75秒 裂地沟壑冷却']"
军团指挥官,legion_commander,49.6541,http://cdn.max-c.com/app/dota2/legion_commander@3x.png,3910278,10,"['刃甲', '闪烁匕首', '相位鞋', '动力鞋', '黯灭', '黑皇杖', '圆盾', '影刃', '压制之刃']","['[压倒性优势 ] 用敌人的数量反抗他们，造成伤害并提升军团指挥官的移动速度。根据作用单位和英雄的数量决定造成的伤害数值，以及移速加成的数值。对幻象和召唤单位额外造成相当于其生命值一定百分比的伤害。 ', '[强攻 ] 解除指定友方单位的一切负面效果和控制技能，并提升其攻击速度和生命恢复，持续一定时间。  驱散类型：强驱散 ', '[勇气之霎 ] 每当受到攻击，军团指挥官都有几率立即作出反击（此次攻击具有吸血效果）。 ', '[决斗 ] 军团指挥官强制与目标敌方英雄进行决斗，持续短暂的数秒。决斗开始后双方英雄只能进行物理攻击，不能使用任何物品和技能。如果有英雄在决斗期间死亡，赢得决斗的英雄将永久获得额外攻击力。  可用神杖升级。  tips: 如果双方距离超过2000，决斗也会结束。 决斗获胜后自动对自身施放强攻。 ']","['天赋1：', '+25% 经验获取', '+8 力量', '天赋2：', '+50 压倒性优势英雄提供伤害', '+30 攻击速度', '天赋3：', '+10% 勇气之霎触发几率', '+35 移动速度', '天赋4：', '350 范围型强攻', '+40 决斗攻击力加成']"
工程师,techies,48.6834,http://cdn.max-c.com/app/dota2/techies@3x.png,2064747,42,"['灵魂之戒', '阿哈利姆神杖', '奥术鞋', '血精石', '原力法杖', '以太透镜', 'Eul的神圣法杖', '静谧之鞋', '玲珑心']","['[感应地雷 ] 埋布隐形的地雷，不会被真实视域检测到，但是有敌方单位在地雷的400生效范围内会显形。敌人在生效范围内停留超过1.6秒会使地雷爆炸。爆炸在爆炸范围内造成全额伤害，对建筑物造成25%伤害。  tips: 感应地雷的生效范围内不能再放置地雷。 感应地雷不会阻止中立生物产生。 地雷持续时间没有上限，除非爆炸或被摧毁。 隐形单位也能触发地雷。 飞行单位不会触发地雷。 敌方英雄将地雷摧毁可以获得30金钱。 ', '[静滞陷阱 ] 埋设一个隐形的陷阱，当有敌方单位靠近时会马上自动触发，造成缠绕。  tips: 静滞陷阱触发后将摧毁作用范围内的其他静滞陷阱。 隐形单位不会触发静滞陷阱。 静滞陷阱不能阻止中立生物产生。 ', '[爆破起飞！ ] 工程师冲到敌人中间，在相遇时引爆炸药，造成大量范围伤害，并沉默敌人。引爆时会对工程师造成最大生命值50%的伤害。  tips: 若使用本技能后死亡将视为自杀，敌方英雄将不会获得金钱和经验。 即使自杀，工程师依然能获得杀死的敌方英雄对应的经验值。 自杀攻击将摧毁树木。 ', '[集中引爆 ] 直接引爆目标区域内所有遥控炸弹。 ', '[雷区标识 ] 在指定地点放置警示牌，提醒敌人前方有雷。一次只能出现一个标识，放下新的标识后旧标识将消失。持续180秒。  可用神杖升级。 ', '[遥控炸弹 ] 埋设一颗隐形的炸弹，只有在你的控制下经过简短的延迟才会引爆。爆炸对建筑无效。  可用神杖升级。  tips: 敌方英雄摧毁炸弹将获得10金钱。 ']","['天赋1：', '-4秒 感应地雷冷却', '+30% 经验获取', '天赋2：', '+6 魔法恢复', '+300 爆破起飞伤害', '天赋3：', '+150 金钱/分', '+50 移动速度', '天赋4：', '+25 地雷移动速度', '+251 攻击力']"
灰烬之灵,ember_spirit,48.6203,http://cdn.max-c.com/app/dota2/ember_spirit@3x.png,3477982,12,"['漩涡', '魔瓶', '相位鞋', '阿哈利姆神杖', '远行鞋', '韧鼓', '怨灵系带', '林肯法球', '魔杖']","['[炎阳索 ] 灰烬之灵释放出火焰绳索来缠绕住附近的敌人，将他们困于原地并每秒造成一定伤害。  tips: 将随机选取炘周围的单位作为目标。 不能作用于技能免疫或隐身单位。 打断持续施法类技能。 ', '[无影拳 ] 灰烬之灵以燎原之火的速度横冲直撞，攻击目标区域内所有敌人，随后返回所在位置。对英雄造成额外伤害，对非英雄单位造成的伤害较低。  tips: 在施放技能时作用的目标就已决定。 对目标的攻击每次间隔0.2秒。 炘拥有的攻击特效（如致命一击、重击、分裂、连锁闪电等效果）在技能攻击期间都能生效。 施放无影拳时间可以使用其他技能和物品。 ', '[烈火罩 ] 灰烬之灵用火焰之环将自己包裹起来，接下来的魔法伤害将被全部吸收。烈火罩对灰烬之灵周围的敌人造成持续伤害。吸收的伤害超过上限后将失去伤害效果。  tips: 魔法伤害的吸收伤害值计算先于任何伤害减免效果。 ', '[激活残焰 ] 选择残焰，灰烬之灵将向其冲去。 ', '[残焰 ] 灰烬之灵每隔38.0秒创造出一个残焰，最多拥有3个。释放残焰时，目标地点将产生一个残焰像（速度为灰烬之灵移动速度的2.5倍）。灰烬之灵可以使用“激活残焰”技能，向其中一个残焰像冲去。冲刺过程中依次引爆其他残焰像，造成范围伤害，最后到达指定的残焰像。  可用神杖升级。  tips: 升级大招后即拥有3个残焰（上限数量）。 残焰移动至目标地点的速度是本体的2.5倍。 ']","['天赋1：', '+250 烈火罩吸收伤害', '+25 攻击力', '天赋2：', '+1秒 炎阳索持续时间', '+60 烈火罩每秒伤害', '天赋3：', '克敌机先', '+10% 技能增强', '天赋4：', '-20秒 残焰充能时间', '2 无影拳能量点数']"
大地之灵,earth_spirit,43.5722,http://cdn.max-c.com/app/dota2/earth_spirit@3x.png,625638,105,"['静谧之鞋', '魂之灵瓮', '魔杖', '淬毒之珠', '影之灵龛', 'Eul的神圣法杖', '显影之尘', '护腕', '原力法杖']","['[巨石冲击 ] 大地之灵将敌方单位或友方单位作为目标，将其击飞，目标将沿他面朝的方向飞行一段距离。如果大地之灵点地为目标，他将击飞200范围内距离最近的残岩。击飞过程中目标对碰到的所有单位都会造成伤害。如果目标是残岩，被击飞的距离也将加长，而受到伤害的单位还将被减速。  tips: 只有选择残岩为击飞目标时才有减速效果。 如果没有击飞单位或残岩，巨石冲击将不会进入冷却。 ', '[巨石翻滚 ] 大地之灵化身为巨石，经过0.6秒延迟后沿目标位置翻滚，对经过的敌人造成伤害和眩晕，如果撞到敌方英雄或自身被眩晕，翻滚都会中止。如果翻滚过程中经过残岩将会大幅提高翻滚距离和速度，造成的眩晕时间更长。  tips: 翻滚时经过残岩会将其摧毁。 巨石的半径为150。 ', '[地磁之握 ] 大地之灵将残岩拉扯到自己所在的位置，行进路径上被击中的敌人都会被沉默并受到伤害。  tips: 如果目标处于时间结界，决斗或黑洞之中则不起作用。 ', '[残岩 ] 在指定位置召唤一枚巨石残岩。残岩没有视野，不能被摧毁，残岩可以加强大地之灵的技能效果。召唤残岩需要消耗能量，能量将慢慢恢复。 ', '[残岩魔咒 ] 大地之灵对一名英雄施法，使其暂时获得残岩的属性。经过短时间后残岩就会碎裂，释放出英雄，并对周围单位造成伤害。 ', '[磁化 ] 将附近小范围内的敌方单位磁化，使其短时间内受到伤害。被磁化的英雄单位将会引起附近残岩的爆炸，每次爆炸都将摧毁残岩并刷新残岩附近单位身上的磁化时间（若附近单位未被磁化则为其施加一个磁化效果）。该过程可重复数次。如果一个被磁化的英雄受到了地磁之握或巨石冲击的作用被沉默或减速，那么所有被磁化的英雄都会受到同样效果。 ']","['天赋1：', '+40 攻击力', '+10 智力', '天赋2：', '+150 巨石翻滚伤害', '+7 护甲', '天赋3：', '+150 金钱/分', '+15% 技能增强', '天赋4：', '+0.75秒 巨石翻滚眩晕', '地磁之握可作用友军']"
孽主,abyssal_underlord,55.1779,http://cdn.max-c.com/app/dota2/abyssal_underlord@3x.png,899049,91,"['卫士胫甲', '洞察烟斗', '赤红甲', '刃甲', '魔杖', '奥术鞋', '圆盾', '灵魂之戒', '阿托斯之棍']","['[火焰风暴 ] 召唤数波火焰风暴攻击目标区域内的所有单位，风暴还有后续伤害。 ', '[怨念深渊 ] 在目标区域制造致命的深渊；踏入深渊的敌方单位将被缠绕。每个敌方单位每隔3.6秒都会再次受到作用。 ', '[衰退光环 ] 周围所有敌方单位遭到了削弱，损失部分基础攻击力。如果敌人在光环范围内死亡，孽主将获得额外攻击力加成。  可用神杖升级。 ', '[黑暗之门 ] 以友方单位作为目标地点打开黑暗的大门。经过短暂的延迟，孽主和附近所有友方英雄都将传送至目标地点。 黑暗之门在传送生效前可以取消。如果在技能生效前取消，或者目标单位死亡，黑暗之门都会进入冷却。 ', '[取消黑暗之门 ] 取消传送。 ']","['天赋1：', '+30 移动速度', '+18 火焰风暴每波伤害', '天赋2：', '+7 衰退光环永久攻击力加成', '+125 施法距离', '天赋3：', '+25 生命恢复', '+70 攻击速度', '天赋4：', '25% 火焰风暴对建筑伤害', '+0.8秒 怨念深渊缠绕']"
恐怖利刃,terrorblade,47.4536,http://cdn.max-c.com/app/dota2/terrorblade@3x.png,713389,103,"['动力鞋', '幻影斧', '怨灵系带', '斯嘉蒂之眼', '黑皇杖', '蝴蝶', '魔龙枪', '魔杖', '圆盾']","['[倒影 ] 恐怖利刃映出所有敌方英雄的黑暗倒影对其进行反制，目标在短时间内将被自身倒影攻击，移动速度也会被减缓。倒影为无敌状态。  tips: 无法以倒影为目标，而且倒影不受任何伤害。 倒影只会攻击该技能指定的目标。 ', '[惑幻 ] 创造一个恐怖利刃的幻象，可以攻击敌人造成伤害。 ', '[魔化 ] 恐怖利刃变换形态，化身成可怕的恶魔并具备远程攻击能力。任何恐怖利刃的幻象在1200范围内也将魔化。  可用神杖升级。  tips: 幻影斧的冷却时间将由恐怖利刃开启幻影斧时所处的近战或远程形态决定。 ', '[魂断 ] 隔断恐怖利刃以及目标英雄的灵魂并将双方的当前血量进行互换。交换后双方英雄的生命值必定在一定百分比以上。 ']","['天赋1：', '10% 闪避', '+20 移动速度', '天赋2：', '+25 攻击速度', '+250 生命', '天赋3：', '-8秒 倒影冷却', '+10 全属性', '天赋4：', '+300 魔化攻击距离', '-35秒 魂断冷却']"
凤凰,phoenix,50.6746,http://cdn.max-c.com/app/dota2/phoenix@3x.png,1207047,72,"['静谧之鞋', '纷争面纱', '魂之灵瓮', '希瓦的守护', '魔杖', '阿哈利姆神杖', '影之灵龛', '迈达斯之手', 'Eul的神圣法杖']","['[凤凰冲击 ] 凤凰向目标方向进行圆弧状飞行，飞行距离固定，对沿途的敌人造成持续伤害并减缓其移动速度，然后返回初始位置。飞行过程中如果施放超新星将停止飞行。  tips: 凤凰冲击的飞行时间为2秒，可以在飞行途中再次施放来终止飞行。 ', '[烈火精灵 ] 召唤4只围绕凤凰飞行的烈火精灵。每一只烈火精灵都能被单独发射到指定区域。对敌人持续造成伤害并大幅降低他们的攻击速度。  tips: 烈火精灵现在到达目标区域后将获得1秒的视野。 ', '[烈日炙烤 ] 凤凰以损失生命能量为代价，向前射出一束炽热的光线炙烤敌人。光线对敌人造成伤害，并且能治疗友军，伤害和治疗的数值均为基础数值加上目标生命值的一定百分比。随着光线不断炙烤，造成的伤害也会不断增加。  tips: 烈日炙烤的宽度为130，长度为1300。 ', '[切换移动状态 ] 在烈日炙烤时切换为缓慢前行状态。 ', '[超新星 ] 凤凰十分乐意终结自己现在的生命来换取重生。将自己变为一颗燃烧的恒星，灼烧附近一大片区域内的敌人。恒星受到敌方英雄一定次数的攻击后将会被摧毁。经过6秒后恒星将会爆炸，眩晕周围所有敌人。而凤凰的生命和魔法值都会回到满状态，并且所有技能的冷却时间都会刷新。  可用神杖升级。  驱散类型：强驱散 ', '[发动烈火精灵 ] 每一只烈火精灵都能被单独发射到指定区域。对敌人持续造成伤害并大幅降低他们的攻击速度。获得目标区域的视野，持续1秒。 ', '[终止凤凰冲击 ] 马上停止冲击。 ', '[终止烈日炙烤 ] 马上停止烈日炙烤。 ']","['天赋1：', '+8% 技能增强', '+90 金钱/分', '天赋2：', '+500 生命', '+40 烈火精灵每秒伤害', '天赋3：', '+1.25秒 超新星眩晕', '+1400 凤凰冲击施法距离', '天赋4：', '+2% 烈日炙烤最大生命值伤害', '+3 超新星可被攻击次数']"
神谕者,oracle,45.7064,http://cdn.max-c.com/app/dota2/oracle@3x.png,770352,100,"['以太透镜', '魔杖', '奥术鞋', '微光披风', '侦查·岗哨守卫', '速度之靴', '原力法杖', '显影之尘', '风灵之纹']","['[气运之末 ] 持续施法 - 将神谕者的力量汇聚为一股蕴含荡涤之力的能量，对敌方目标释放这股能量可以对其造成伤害，使其被缠绕，并且净化其附近区域的魔法效果。如果目标是友军，将只造成净化效果。引导时间最长可以达到2.5秒。缠绕效果的持续时间与引导时间相同。  驱散类型：弱驱散 ', '[命运敕令 ] 神谕者让目标沉醉，使其无法攻击，同时提高其100%的魔法抗性。可对友方和敌方单位施放。 ', '[涤罪之焰 ] 将目标身上一切不洁之物净化，对其造成大量魔法伤害，并使其在接下来的一段时间内逐渐恢复生命值。恢复的生命值总量将超过受到的伤害。可对友方和敌方单位施放。  可用神杖升级。  tips: 涤罪之焰的治疗效果可以相互叠加。 ', '[虚妄之诺 ] 暂时篡改队友的命运，技能期间受到的任何治疗和伤害效果将在虚妄之诺结束后结算，其中治疗效果加倍结算。施放时将移除目标身上大部分的负面状态效果。  驱散类型：强驱散  tips: 伤害和治疗效果虽然被延缓结算，但是结算时依然会考虑护甲和魔法抗性的减免。 经过延缓的伤害和治疗效果在目标失去本技能效果后立刻结算。 ']","['天赋1：', '+25% 经验获取', '+1秒 气运之末最大持续时间', '天赋2：', '+120 金钱/分', '+150 施法距离', '天赋3：', '虚妄之诺提供隐身', '+45 移动速度', '天赋4：', '+2秒 虚妄之诺持续时间', '-5秒 命运敕令冷却']"
寒冬飞龙,winter_wyvern,48.4071,http://cdn.max-c.com/app/dota2/winter_wyvern@3x.png,888719,92,"['奥术鞋', '微光披风', '魔杖', '以太透镜', '原力法杖', '闪烁匕首', '侦查·岗哨守卫', '卫士胫甲', '显影之尘']","['[严寒烧灼 ] 寒冬飞龙乘着一股极地寒风扶摇而上，移动将无视地形，每次攻击都将呼出逼人的寒气。高飞时，她的攻击射程更远，攻击弹道速度也更快，被攻击的敌人在寒意作用下，移动速度也被减缓，同时每秒损失6 7 8 9%的当前生命值。在夜晚的寒风中，她的视野还会被加强，在技能期间夜晚将额外获得400的视野范围。  可用神杖升级。  tips: 每次施放严寒灼烧时敌方单位只会获得一次负面效果。 本技能无法作用于肉山。 寒冬飞龙的攻击前摇降低至0.1秒。 ', '[碎裂冲击 ] 向目标单位发射一团易碎的冰球。冰球一击中目标就会碎裂，而目标单位将不会受到任何效果，但是附近500范围内敌人都将因碎片的冲击受到伤害，并且移动速度减缓30%。  tips: 作用于主目标的冰球弹道速度为500，或经过1秒到达目标，取决于哪个更快。 初始的冰球无法被躲避。 ', '[极寒之拥 ] 将队友封入一个冰茧中，使其被冻在原地并恢复生命值，恢复数值为基础数值加上最大生命值的一定比例。冰茧将阻隔一切物理伤害。  tips: 无法被驱散。 ', '[寒冬诅咒 ] 寒冬飞龙将一个敌方目标冻在原地，附近的其他敌人将受到癫狂诅咒，对冻住的队友进行攻击，而且攻击速度得到提升。冻住的目标和被诅咒攻击队友的敌人不会受到任何来自敌方的伤害。  tips: 如果目标被其队友击杀，击杀者将仍是寒冰飞龙。 无视主目标的技能免疫状态，但是对目标周围的技能免疫队友无效。 ']","['天赋1：', '+60 攻击力', '+90 金钱/分', '天赋2：', '+500 夜间视野', '+350 生命', '天赋3：', '-5秒 极寒之拥冷却', '+15% 严寒烧灼减速', '天赋4：', '碎裂冲击造成2秒眩晕', '+1.5秒 寒冬诅咒持续时间']"
天穹守望者,arc_warden,48.4605,http://cdn.max-c.com/app/dota2/arc_warden@3x.png,815584,97,"['远行鞋', '迈达斯之手', '雷神之锤', '怨灵系带', '影刃', '血棘', '邪恶镰刀', '漩涡', '金箍棒']","['[乱流 ] 将不稳定的涡流能量灌注到落单敌人体内，减缓其移动速度并造成持续伤害。如目标周围有其他敌方单位 ，则效果暂时消失。 ', '[磁场 ] 制造一个充满磁能的圆形扭曲力场，为力场中的友方英雄及建筑提供攻击速度加成，使其闪避来自磁场外的攻击。 ', '[闪光幽魂 ] 召唤一个缓慢实体化的闪光怨灵萦绕在目标区域。一旦有敌方单位进入范围，怨灵将贴近敌人自我熔化并造成魔法伤害，同时使目标减速。 ', '[神符铸就 ] 在英雄前方产生一个随机神符。 ', '[风暴双雄 ] 天穹守望者将破碎的自我汇聚到一起，创造出自身的完美电子复制体。复制体可以使用天穹守望者的当前所有物品和技能，消耗品以及死亡时掉落的物品除外。复制体的物品和技能冷却时间会独立计算。 ']","['天赋1：', '+35 攻击速度', '8% 冷却时间减少', '天赋2：', '+400 乱流施法距离', '+300 生命', '天赋3：', '+125 攻击距离', '-2秒 闪光幽魂冷却', '天赋4：', '+350 闪光幽魂伤害', '30% 吸血']"
齐天大圣,monkey_king,49.1524,http://cdn.max-c.com/app/dota2/monkey_king@3x.png,3385486,14,"['相位鞋', '回音战刃', '黑皇杖', '怨灵系带', '漩涡', '黯灭', '魔杖', '圆盾', '阿哈利姆神杖']","['[棒击大地 ] 齐天大圣让金箍棒变大，并将其挥起猛击地面，眩晕一条直线上的敌人并造成基于他普通攻击的致命一击伤害。具有克敌机先效果。 ', '[丛林之舞 ] 齐天大圣跳上一棵树并停在上面。停留时获得乾坤之跃技能——需要持续施法的跳跃式攻击。如果树木被摧毁，他将从树上掉下，并眩晕4秒。在地面受到玩家或肉山的伤害时丛林之舞将在一定时间内无法使用，处于冷却状态。  tips: 丛林之舞在落地时进入冷却。 右键点击地面会从树上跳下。 ', '[乾坤之跃 ] 齐天大圣从树顶跃下，对着陆区域内敌人造成减速和伤害。持续施法的时间越长，伤害和减速效果越高。 ', '[如意棒法 ] 齐天大圣的攻击唤醒了金箍棒的力量。连续攻击四次同个英雄后齐天大圣的下四次攻击得到加强，获得了攻击力加成和吸血效果。  tips: 棒击大地击中敌人时也会计入攻击次数。 ', '[七十二变 ] 齐天大圣以周遭事物为启发进行伪装，改变自己的外形，从而欺骗对手。受到伤害，发动攻击或使用任意物品都会失去伪装效果。变化后0.2秒内免疫伤害。 ', '[猴子猴孙 ] 齐天大圣变出圆形的猴子猴孙阵列，猴子猴孙从他的位置散开。若齐天大圣离开范围，猴子猴孙将会消失。猴子猴孙继承齐天大圣的攻击力并且只会以英雄为目标。在技能持续时间内齐天大圣获得护甲加成。  可用神杖升级。  tips: 猴子猴孙不会获得如意棒法的加成效果。 猴子猴孙不会继承碎颅锤和深渊之刃的效果。 ', '[马上跃出 ]  ', '[变回原状 ] 使齐天大圣恢复原状。 ']","['天赋1：', '+20 攻击速度', '+300 丛林之舞视野范围', '天赋2：', '+75 如意棒法攻击力', '+600 丛林之舞施法距离', '天赋3：', '+400 乾坤之跃伤害', '+50% 棒击大地暴击', '天赋4：', '+1 猴子猴孙圆阵', '+100 猴子猴孙护甲']"
邪影芳灵,dark_willow,49.1906,http://cdn.max-c.com/app/dota2/dark_willow@3x.png,1210697,71,"['Eul的神圣法杖', '魔杖', '奥术鞋', '阿哈利姆神杖', '静谧之鞋', '空灵挂件', '闪烁匕首', '显影之尘', '侦查·岗哨守卫']","['[荆棘迷宫 ] 0.5秒后邪影芳灵在目标区域创造出一片荆棘迷宫。进入荆棘的敌人将持续受到伤害，并且被缠绕。  tips: 不能使被缠绕的隐身敌人显形。 缠绕无法打断持续施法。 ', '[暗影之境 ] 邪影芳灵遁入暗影之境，无法成为攻击或技能的目标。她的下次攻击将获得额外攻击距离，并且造成额外魔法伤害，暗影之境技能也会结束。在暗影中时间越长，伤害越高。在暗影之境内的时间超过3.5秒将获得最大伤害。  可用神杖升级。  tips: 施法时能躲避弹道。 获得相位移动状态。 需要视野的技能无法作用于暗影之境中的邪影芳灵。 ', '[诅咒王冠 ] 邪影芳灵授予敌人一顶被诅咒的古老仙灵王冠。经过一定延迟后，目标和周围的所有敌人都会被眩晕。 ', '[作祟 ] 邪影芳灵的精灵宠物在持续时间内围绕她飞行，快速攻击周围敌人。恐吓开启期间不能使用作祟。 ', '[恐吓 ] 邪影芳灵放出她的精灵宠物恐吓她的敌人。经过一定延迟后，目标区域内所有敌人变得害怕，朝自己的泉水狂奔。作祟开启期间不能使用恐吓。 ']","['天赋1：', '+125 施法距离', '+30 攻击力', '天赋2：', '+35 移动速度', '+120 金钱/分', '天赋3：', '-12秒 荆棘迷宫冷却', '10% 技能吸血', '天赋4：', '+1.5秒 恐吓持续时间', '+175 攻击速度']"
石鳞剑士,pangolier,49.1787,http://cdn.max-c.com/app/dota2/pangolier@3x.png,2015804,45,"['漩涡', '奥术鞋', '卫士胫甲', '阿哈利姆神杖', '魔杖', '碎颅锤', '金箍棒', '净魂之刃', '圆盾']","['[虚张声势 ] 以矢量为目标。石鳞剑士先冲向目标地点，再向指示方向上的所有敌人刺出数剑。  刺剑有几率触发幸运一击。  tips: 虚张声势的攻击继承攻击特效的触发几率。 在地雷滚滚期间施放虚张声势将使地雷滚滚提前结束。 ', '[甲盾冲击 ] 石鳞剑士跃入空中，再落向地面造成冲击。他周围的敌人将受到伤害。冲击时每击中一个敌方英雄，他就能在短时间内获得一定百分比的减伤效果。  地雷滚滚过程中使用甲盾冲击将会保持前进，并且可以使地雷滚滚跨过地形障碍。  可用神杖升级。 ', '[幸运一击 ] 石鳞剑士孤注一掷，让命运决定敌人的下场。拥有一定几率造成减速，同时施加缴械并降低护甲。 ', '[地雷滚滚 ] 石鳞剑士卷成一个技能免疫状态的圆球，隆隆地向前滚去。滚动时移动速度提升，可以碾过树木，但是转身速率降低。敌人被击中后会被击退，然后受到伤害和眩晕。  与地形障碍相撞后会暂时停止滚动，并且滚动方向变反。  驱散类型：弱驱散  tips: 敌人在技能期间可以多次被眩晕，但是只有上一次眩晕结束后才会再次被眩晕。 ', '[停止滚动 ] 停！ ']","['天赋1：', '+300 虚张声势刺击距离', '+3 魔法恢复', '天赋2：', '+2秒 地雷滚滚持续时间', '2秒 滚动时甲盾冲击冷却', '天赋3：', '+20 力量', '+40 虚张声势伤害', '天赋4：', '-35秒 地雷滚滚冷却', '-3秒 虚张声势冷却']"
天涯墨客,grimstroke,47.8541,http://cdn.max-c.com/app/dota2/grimstroke@3x.png,2406253,37,"['以太透镜', '奥术鞋', '魔杖', '微光披风', '侦查·岗哨守卫', '空灵挂件', '静谧之鞋', '原力法杖', '阿托斯之棍']","['[命运之笔 ] 天涯墨客画出一道墨迹，对敌人造成伤害和减速。墨迹每碰到一个敌人，造成的伤害都会增加。 ', '[幻影之拥 ] 召唤一个快速向目标移动的幻影，到达时将其缠住。缠住后对其造成伤害和沉默。若她在纠缠期间存活，将会撕裂目标，造成大量伤害，并刷新幻影之拥的冷却时间。  英雄对幻影的单次攻击记为3次。  tips: 幻影在目标隐身或进入技能免疫状态后掉下。 目标在纠缠期间阵亡后幻影将会回归。 目标被纠缠时阵亡后幻影将会回归。 ', '[墨涌 ] 天涯墨客将一个友方单位笼罩在一片墨汁中，目标的移动速度得到提升。友方单位附近的敌人会持续被墨须伤害。3.0秒后将会爆发，根据墨须对英雄造成伤害的时间对区域内单位造成伤害和眩晕。 ', '[暗绘 ]  ', '[缚魂 ] 将一名敌方英雄与束缚作用范围内最接近的队友相连，阻止他们远离彼此。任何指向性技能击中任一英雄时，这两名敌方英雄都会受到作用。若连接在效果截止前断裂，初始目标将再次与其距离内最接近的队友相连。  tips: 闪烁或传送可以使束缚断裂。 被束缚的单位都将提供视野。 ']","['天赋1：', '+90 金钱/分', '+30 移动速度', '天赋2：', '+125 施法距离', '+12% 技能增强', '天赋3：', '+1 幻影可被攻击次数', '+600 命运之笔施法距离', '天赋4：', '+50% 命运之笔伤害', '+200 墨涌作用范围']"
玛尔斯,mars,48.931,http://cdn.max-c.com/app/dota2/mars@3x.png,1834675,52,"['闪烁匕首', '相位鞋', '弗拉迪米尔的祭品', '黯灭', '黑皇杖', '灵魂之戒', '护腕', '魔杖', '动力鞋']","['[战神迅矛 ] 玛尔斯以致命的精准掷出他强大的战矛，对击中的每个敌方单位造成伤害。击中的第一个敌方英雄将被战矛刺穿，并被击退。若战矛击中树木、建筑或悬崖，目标将会被钉在上面，并受到眩晕。  tips: 战神迅矛可以击中隐身单位。 ', '[神之谴戒 ] 玛尔斯举起他的战盾粉碎前方的敌人，将他们击退并且基于自身攻击力造成致命一击伤害。攻击英雄时基础攻击力有所提升。具有克敌机先效果。  可用神杖升级。  tips: 神之谴戒的攻击也有几率触发攻击特效。 ', '[护身甲盾 ] 每当受到来自正面或侧面的物理攻击时，玛尔斯运用他巨大的战盾来格挡一定百分比的伤害。 ', '[热血竞技场 ] 经过短暂的列队时间，玛尔斯召唤出环绕着战士的竞技场，战士们将阻挡敌人的攻击和动向。竞技场内和接近边缘的敌方英雄将被战矛攻击，受到伤害并被击退。 ']","['天赋1：', '+20 移动速度', '+8 力量', '天赋2：', '+8 护甲', '+25 攻击力', '天赋3：', '+1秒 战神迅矛眩晕', '+200 战神迅矛伤害', '天赋4：', '+100 热血竞技场提供团队生命恢复', '+80% 神之谴戒致命一击']"
